date_time,date,time,temp_C,,,
5/16/17 13:02,5/16/17,13:02,29.5,,,
5/16/17 14:02,5/16/17,14:02,9.5,,,
5/16/17 15:02,5/16/17,15:02,8.5,,,
5/16/17 16:02,5/16/17,16:02,8.5,,,
5/16/17 17:02,5/16/17,17:02,8.5,,,
5/16/17 18:02,5/16/17,18:02,8.5,,,
5/16/17 19:02,5/16/17,19:02,8.5,,,
5/16/17 20:02,5/16/17,20:02,8.5,,,
5/16/17 21:02,5/16/17,21:02,8.5,,,
5/16/17 22:02,5/16/17,22:02,8.5,,,
5/16/17 23:02,5/16/17,23:02,8.5,,,
5/17/17 0:02,5/17/17,0:02,8.5,,,
5/17/17 1:02,5/17/17,1:02,8.5,,,
5/17/17 2:02,5/17/17,2:02,8.5,,,
5/17/17 3:02,5/17/17,3:02,8.5,,,
5/17/17 4:02,5/17/17,4:02,8.5,,,
5/17/17 5:02,5/17/17,5:02,8.5,,,
5/17/17 6:02,5/17/17,6:02,8.5,,,
5/17/17 7:02,5/17/17,7:02,8.5,,,
5/17/17 8:02,5/17/17,8:02,8.5,,,
5/17/17 9:02,5/17/17,9:02,9,,,
5/17/17 10:02,5/17/17,10:02,9,,,
5/17/17 11:02,5/17/17,11:02,9,,,
5/17/17 12:02,5/17/17,12:02,9,,,
5/17/17 13:02,5/17/17,13:02,9,,,
5/17/17 14:02,5/17/17,14:02,9,,,
5/17/17 15:02,5/17/17,15:02,9,,,
5/17/17 16:02,5/17/17,16:02,9,,,
5/17/17 17:02,5/17/17,17:02,9,,,
5/17/17 18:02,5/17/17,18:02,9,,,
5/17/17 19:02,5/17/17,19:02,9,,,
5/17/17 20:02,5/17/17,20:02,9,,,
5/17/17 21:02,5/17/17,21:02,9,,,
5/17/17 22:02,5/17/17,22:02,9,,,
5/17/17 23:02,5/17/17,23:02,9,,,
5/18/17 0:02,5/18/17,0:02,9,,,
5/18/17 1:02,5/18/17,1:02,9,,,
5/18/17 2:02,5/18/17,2:02,9,,,
5/18/17 3:02,5/18/17,3:02,9,,,
5/18/17 4:02,5/18/17,4:02,9,,,
5/18/17 5:02,5/18/17,5:02,9,,,
5/18/17 6:02,5/18/17,6:02,9,,,
5/18/17 7:02,5/18/17,7:02,9,,,
5/18/17 8:02,5/18/17,8:02,9,,,
5/18/17 9:02,5/18/17,9:02,9.5,,,
5/18/17 10:02,5/18/17,10:02,9.5,,,
5/18/17 11:02,5/18/17,11:02,9.5,,,
5/18/17 12:02,5/18/17,12:02,9.5,,,
5/18/17 13:02,5/18/17,13:02,9.5,,,
5/18/17 14:02,5/18/17,14:02,9.5,,,
5/18/17 15:02,5/18/17,15:02,9.5,,,
5/18/17 16:02,5/18/17,16:02,9.5,,,
5/18/17 17:02,5/18/17,17:02,9.5,,,
5/18/17 18:02,5/18/17,18:02,9.5,,,
5/18/17 19:02,5/18/17,19:02,9.5,,,
5/18/17 20:02,5/18/17,20:02,9.5,,,
5/18/17 21:02,5/18/17,21:02,9.5,,,
5/18/17 22:02,5/18/17,22:02,9.5,,,
5/18/17 23:02,5/18/17,23:02,9.5,,,
5/19/17 0:02,5/19/17,0:02,9.5,,,
5/19/17 1:02,5/19/17,1:02,9.5,,,
5/19/17 2:02,5/19/17,2:02,9.5,,,
5/19/17 3:02,5/19/17,3:02,9.5,,,
5/19/17 4:02,5/19/17,4:02,9.5,,,
5/19/17 5:02,5/19/17,5:02,9.5,,,
5/19/17 6:02,5/19/17,6:02,9.5,,,
5/19/17 7:02,5/19/17,7:02,9.5,,,
5/19/17 8:02,5/19/17,8:02,10,,,
5/19/17 9:02,5/19/17,9:02,10,,,
5/19/17 10:02,5/19/17,10:02,10,,,
5/19/17 11:02,5/19/17,11:02,10,,,
5/19/17 12:02,5/19/17,12:02,10,,,
5/19/17 13:02,5/19/17,13:02,10,,,
5/19/17 14:02,5/19/17,14:02,10,,,
5/19/17 15:02,5/19/17,15:02,10,,,
5/19/17 16:02,5/19/17,16:02,10,,,
5/19/17 17:02,5/19/17,17:02,10,,,
5/19/17 18:02,5/19/17,18:02,10,,,
5/19/17 19:02,5/19/17,19:02,10,,,
5/19/17 20:02,5/19/17,20:02,10,,,
5/19/17 21:02,5/19/17,21:02,10,,,
5/19/17 22:02,5/19/17,22:02,10,,,
5/19/17 23:02,5/19/17,23:02,10,,,
5/20/17 0:02,5/20/17,0:02,10,,,
5/20/17 1:02,5/20/17,1:02,10,,,
5/20/17 2:02,5/20/17,2:02,10,,,
5/20/17 3:02,5/20/17,3:02,10,,,
5/20/17 4:02,5/20/17,4:02,10,,,
5/20/17 5:02,5/20/17,5:02,10,,,
5/20/17 6:02,5/20/17,6:02,10,,,
5/20/17 7:02,5/20/17,7:02,10,,,
5/20/17 8:02,5/20/17,8:02,10.5,,,
5/20/17 9:02,5/20/17,9:02,10.5,,,
5/20/17 10:02,5/20/17,10:02,10.5,,,
5/20/17 11:02,5/20/17,11:02,10.5,,,
5/20/17 12:02,5/20/17,12:02,10.5,,,
5/20/17 13:02,5/20/17,13:02,10.5,,,
5/20/17 14:02,5/20/17,14:02,10.5,,,
5/20/17 15:02,5/20/17,15:02,10.5,,,
5/20/17 16:02,5/20/17,16:02,10.5,,,
5/20/17 17:02,5/20/17,17:02,10.5,,,
5/20/17 18:02,5/20/17,18:02,10.5,,,
5/20/17 19:02,5/20/17,19:02,10.5,,,
5/20/17 20:02,5/20/17,20:02,10.5,,,
5/20/17 21:02,5/20/17,21:02,10.5,,,
5/20/17 22:02,5/20/17,22:02,10.5,,,
5/20/17 23:02,5/20/17,23:02,10.5,,,
5/21/17 0:02,5/21/17,0:02,10.5,,,
5/21/17 1:02,5/21/17,1:02,10.5,,,
5/21/17 2:02,5/21/17,2:02,10.5,,,
5/21/17 3:02,5/21/17,3:02,10.5,,,
5/21/17 4:02,5/21/17,4:02,10.5,,,
5/21/17 5:02,5/21/17,5:02,10.5,,,
5/21/17 6:02,5/21/17,6:02,10.5,,,
5/21/17 7:02,5/21/17,7:02,10.5,,,
5/21/17 8:02,5/21/17,8:02,10.5,,,
5/21/17 9:02,5/21/17,9:02,10.5,,,
5/21/17 10:02,5/21/17,10:02,10.5,,,
5/21/17 11:02,5/21/17,11:02,10.5,,,
5/21/17 12:02,5/21/17,12:02,10.5,,,
5/21/17 13:02,5/21/17,13:02,10.5,,,
5/21/17 14:02,5/21/17,14:02,10.5,,,
5/21/17 15:02,5/21/17,15:02,10.5,,,
5/21/17 16:02,5/21/17,16:02,10.5,,,
5/21/17 17:02,5/21/17,17:02,10.5,,,
5/21/17 18:02,5/21/17,18:02,10.5,,,
5/21/17 19:02,5/21/17,19:02,10.5,,,
5/21/17 20:02,5/21/17,20:02,10.5,,,
5/21/17 21:02,5/21/17,21:02,10.5,,,
5/21/17 22:02,5/21/17,22:02,10.5,,,
5/21/17 23:02,5/21/17,23:02,10.5,,,
5/22/17 0:02,5/22/17,0:02,10.5,,,
5/22/17 1:02,5/22/17,1:02,10.5,,,
5/22/17 2:02,5/22/17,2:02,10.5,,,
5/22/17 3:02,5/22/17,3:02,10.5,,,
5/22/17 4:02,5/22/17,4:02,10.5,,,
5/22/17 5:02,5/22/17,5:02,10.5,,,
5/22/17 6:02,5/22/17,6:02,10.5,,,
5/22/17 7:02,5/22/17,7:02,10.5,,,
5/22/17 8:02,5/22/17,8:02,10.5,,,
5/22/17 9:02,5/22/17,9:02,10.5,,,
5/22/17 10:02,5/22/17,10:02,10.5,,,
5/22/17 11:02,5/22/17,11:02,10.5,,,
5/22/17 12:02,5/22/17,12:02,10.5,,,
5/22/17 13:02,5/22/17,13:02,10.5,,,
5/22/17 14:02,5/22/17,14:02,10.5,,,
5/22/17 15:02,5/22/17,15:02,10.5,,,
5/22/17 16:02,5/22/17,16:02,10.5,,,
5/22/17 17:02,5/22/17,17:02,10.5,,,
5/22/17 18:02,5/22/17,18:02,10.5,,,
5/22/17 19:02,5/22/17,19:02,10.5,,,
5/22/17 20:02,5/22/17,20:02,10.5,,,
5/22/17 21:02,5/22/17,21:02,10.5,,,
5/22/17 22:02,5/22/17,22:02,10.5,,,
5/22/17 23:02,5/22/17,23:02,10.5,,,
5/23/17 0:02,5/23/17,0:02,10.5,,,
5/23/17 1:02,5/23/17,1:02,10.5,,,
5/23/17 2:02,5/23/17,2:02,10.5,,,
5/23/17 3:02,5/23/17,3:02,10.5,,,
5/23/17 4:02,5/23/17,4:02,10.5,,,
5/23/17 5:02,5/23/17,5:02,10.5,,,
5/23/17 6:02,5/23/17,6:02,10.5,,,
5/23/17 7:02,5/23/17,7:02,10.5,,,
5/23/17 8:02,5/23/17,8:02,10.5,,,
5/23/17 9:02,5/23/17,9:02,10.5,,,
5/23/17 10:02,5/23/17,10:02,10.5,,,
5/23/17 11:02,5/23/17,11:02,10.5,,,
5/23/17 12:02,5/23/17,12:02,10.5,,,
5/23/17 13:02,5/23/17,13:02,10.5,,,
5/23/17 14:02,5/23/17,14:02,10.5,,,
5/23/17 15:02,5/23/17,15:02,10.5,,,
5/23/17 16:02,5/23/17,16:02,10.5,,,
5/23/17 17:02,5/23/17,17:02,10.5,,,
5/23/17 18:02,5/23/17,18:02,10.5,,,
5/23/17 19:02,5/23/17,19:02,10.5,,,
5/23/17 20:02,5/23/17,20:02,10.5,,,
5/23/17 21:02,5/23/17,21:02,10.5,,,
5/23/17 22:02,5/23/17,22:02,10.5,,,
5/23/17 23:02,5/23/17,23:02,10.5,,,
5/24/17 0:02,5/24/17,0:02,10.5,,,
5/24/17 1:02,5/24/17,1:02,10,,,
5/24/17 2:02,5/24/17,2:02,10.5,,,
5/24/17 3:02,5/24/17,3:02,10,,,
5/24/17 4:02,5/24/17,4:02,10,,,
5/24/17 5:02,5/24/17,5:02,10,,,
5/24/17 6:02,5/24/17,6:02,10,,,
5/24/17 7:02,5/24/17,7:02,10,,,
5/24/17 8:02,5/24/17,8:02,10,,,
5/24/17 9:02,5/24/17,9:02,10,,,
5/24/17 10:02,5/24/17,10:02,10,,,
5/24/17 11:02,5/24/17,11:02,10,,,
5/24/17 12:02,5/24/17,12:02,10,,,
5/24/17 13:02,5/24/17,13:02,10,,,
5/24/17 14:02,5/24/17,14:02,10,,,
5/24/17 15:02,5/24/17,15:02,10,,,
5/24/17 16:02,5/24/17,16:02,10,,,
5/24/17 17:02,5/24/17,17:02,10,,,
5/24/17 18:02,5/24/17,18:02,10,,,
5/24/17 19:02,5/24/17,19:02,10,,,
5/24/17 20:02,5/24/17,20:02,10,,,
5/24/17 21:02,5/24/17,21:02,10,,,
5/24/17 22:02,5/24/17,22:02,10,,,
5/24/17 23:02,5/24/17,23:02,10,,,
5/25/17 0:02,5/25/17,0:02,10,,,
5/25/17 1:02,5/25/17,1:02,10,,,
5/25/17 2:02,5/25/17,2:02,10,,,
5/25/17 3:02,5/25/17,3:02,10,,,
5/25/17 4:02,5/25/17,4:02,10,,,
5/25/17 5:02,5/25/17,5:02,10,,,
5/25/17 6:02,5/25/17,6:02,10,,,
5/25/17 7:02,5/25/17,7:02,10,,,
5/25/17 8:02,5/25/17,8:02,10,,,
5/25/17 9:02,5/25/17,9:02,10,,,
5/25/17 10:02,5/25/17,10:02,10,,,
5/25/17 11:02,5/25/17,11:02,10,,,
5/25/17 12:02,5/25/17,12:02,10,,,
5/25/17 13:02,5/25/17,13:02,10,,,
5/25/17 14:02,5/25/17,14:02,10,,,
5/25/17 15:02,5/25/17,15:02,10,,,
5/25/17 16:02,5/25/17,16:02,10,,,
5/25/17 17:02,5/25/17,17:02,10,,,
5/25/17 18:02,5/25/17,18:02,10,,,
5/25/17 19:02,5/25/17,19:02,10,,,
5/25/17 20:02,5/25/17,20:02,10,,,
5/25/17 21:02,5/25/17,21:02,10,,,
5/25/17 22:02,5/25/17,22:02,10,,,
5/25/17 23:02,5/25/17,23:02,10,,,
5/26/17 0:02,5/26/17,0:02,10,,,
5/26/17 1:02,5/26/17,1:02,10,,,
5/26/17 2:02,5/26/17,2:02,10,,,
5/26/17 3:02,5/26/17,3:02,10,,,
5/26/17 4:02,5/26/17,4:02,10,,,
5/26/17 5:02,5/26/17,5:02,10,,,
5/26/17 6:02,5/26/17,6:02,10,,,
5/26/17 7:02,5/26/17,7:02,10,,,
5/26/17 8:02,5/26/17,8:02,10,,,
5/26/17 9:02,5/26/17,9:02,10,,,
5/26/17 10:02,5/26/17,10:02,10,,,
5/26/17 11:02,5/26/17,11:02,10,,,
5/26/17 12:02,5/26/17,12:02,10,,,
5/26/17 13:02,5/26/17,13:02,10,,,
5/26/17 14:02,5/26/17,14:02,10,,,
5/26/17 15:02,5/26/17,15:02,10,,,
5/26/17 16:02,5/26/17,16:02,10,,,
5/26/17 17:02,5/26/17,17:02,10,,,
5/26/17 18:02,5/26/17,18:02,10,,,
5/26/17 19:02,5/26/17,19:02,10,,,
5/26/17 20:02,5/26/17,20:02,10,,,
5/26/17 21:02,5/26/17,21:02,10,,,
5/26/17 22:02,5/26/17,22:02,10,,,
5/26/17 23:02,5/26/17,23:02,10,,,
5/27/17 0:02,5/27/17,0:02,10,,,
5/27/17 1:02,5/27/17,1:02,10,,,
5/27/17 2:02,5/27/17,2:02,10,,,
5/27/17 3:02,5/27/17,3:02,10,,,
5/27/17 4:02,5/27/17,4:02,10,,,
5/27/17 5:02,5/27/17,5:02,10,,,
5/27/17 6:02,5/27/17,6:02,10,,,
5/27/17 7:02,5/27/17,7:02,10,,,
5/27/17 8:02,5/27/17,8:02,10,,,
5/27/17 9:02,5/27/17,9:02,10,,,
5/27/17 10:02,5/27/17,10:02,10,,,
5/27/17 11:02,5/27/17,11:02,10,,,
5/27/17 12:02,5/27/17,12:02,10,,,
5/27/17 13:02,5/27/17,13:02,10,,,
5/27/17 14:02,5/27/17,14:02,10,,,
5/27/17 15:02,5/27/17,15:02,10,,,
5/27/17 16:02,5/27/17,16:02,10,,,
5/27/17 17:02,5/27/17,17:02,10,,,
5/27/17 18:02,5/27/17,18:02,10,,,
5/27/17 19:02,5/27/17,19:02,10,,,
5/27/17 20:02,5/27/17,20:02,10,,,
5/27/17 21:02,5/27/17,21:02,10,,,
5/27/17 22:02,5/27/17,22:02,10,,,
5/27/17 23:02,5/27/17,23:02,10,,,
5/28/17 0:02,5/28/17,0:02,10,,,
5/28/17 1:02,5/28/17,1:02,10,,,
5/28/17 2:02,5/28/17,2:02,10,,,
5/28/17 3:02,5/28/17,3:02,10,,,
5/28/17 4:02,5/28/17,4:02,10,,,
5/28/17 5:02,5/28/17,5:02,10,,,
5/28/17 6:02,5/28/17,6:02,10,,,
5/28/17 7:02,5/28/17,7:02,10,,,
5/28/17 8:02,5/28/17,8:02,10,,,
5/28/17 9:02,5/28/17,9:02,10,,,
5/28/17 10:02,5/28/17,10:02,10,,,
5/28/17 11:02,5/28/17,11:02,10,,,
5/28/17 12:02,5/28/17,12:02,10,,,
5/28/17 13:02,5/28/17,13:02,10,,,
5/28/17 14:02,5/28/17,14:02,10,,,
5/28/17 15:02,5/28/17,15:02,10,,,
5/28/17 16:02,5/28/17,16:02,10,,,
5/28/17 17:02,5/28/17,17:02,10,,,
5/28/17 18:02,5/28/17,18:02,10.5,,,
5/28/17 19:02,5/28/17,19:02,10.5,,,
5/28/17 20:02,5/28/17,20:02,10.5,,,
5/28/17 21:02,5/28/17,21:02,10.5,,,
5/28/17 22:02,5/28/17,22:02,10.5,,,
5/28/17 23:02,5/28/17,23:02,10.5,,,
5/29/17 0:02,5/29/17,0:02,10.5,,,
5/29/17 1:02,5/29/17,1:02,10.5,,,
5/29/17 2:02,5/29/17,2:02,10.5,,,
5/29/17 3:02,5/29/17,3:02,10.5,,,
5/29/17 4:02,5/29/17,4:02,10.5,,,
5/29/17 5:02,5/29/17,5:02,10.5,,,
5/29/17 6:02,5/29/17,6:02,10.5,,,
5/29/17 7:02,5/29/17,7:02,10.5,,,
5/29/17 8:02,5/29/17,8:02,10.5,,,
5/29/17 9:02,5/29/17,9:02,10.5,,,
5/29/17 10:02,5/29/17,10:02,10.5,,,
5/29/17 11:02,5/29/17,11:02,10.5,,,
5/29/17 12:02,5/29/17,12:02,10.5,,,
5/29/17 13:02,5/29/17,13:02,10.5,,,
5/29/17 14:02,5/29/17,14:02,10.5,,,
5/29/17 15:02,5/29/17,15:02,10.5,,,
5/29/17 16:02,5/29/17,16:02,10.5,,,
5/29/17 17:02,5/29/17,17:02,10.5,,,
5/29/17 18:02,5/29/17,18:02,10.5,,,
5/29/17 19:02,5/29/17,19:02,10.5,,,
5/29/17 20:02,5/29/17,20:02,10.5,,,
5/29/17 21:02,5/29/17,21:02,10.5,,,
5/29/17 22:02,5/29/17,22:02,10.5,,,
5/29/17 23:02,5/29/17,23:02,10.5,,,
5/30/17 0:02,5/30/17,0:02,10.5,,,
5/30/17 1:02,5/30/17,1:02,10.5,,,
5/30/17 2:02,5/30/17,2:02,10.5,,,
5/30/17 3:02,5/30/17,3:02,10.5,,,
5/30/17 4:02,5/30/17,4:02,10.5,,,
5/30/17 5:02,5/30/17,5:02,10.5,,,
5/30/17 6:02,5/30/17,6:02,10.5,,,
5/30/17 7:02,5/30/17,7:02,10.5,,,
5/30/17 8:02,5/30/17,8:02,10.5,,,
5/30/17 9:02,5/30/17,9:02,10.5,,,
5/30/17 10:02,5/30/17,10:02,10.5,,,
5/30/17 11:02,5/30/17,11:02,10.5,,,
5/30/17 12:02,5/30/17,12:02,10.5,,,
5/30/17 13:02,5/30/17,13:02,10.5,,,
5/30/17 14:02,5/30/17,14:02,10.5,,,
5/30/17 15:02,5/30/17,15:02,10.5,,,
5/30/17 16:02,5/30/17,16:02,10.5,,,
5/30/17 17:02,5/30/17,17:02,10.5,,,
5/30/17 18:02,5/30/17,18:02,10.5,,,
5/30/17 19:02,5/30/17,19:02,10.5,,,
5/30/17 20:02,5/30/17,20:02,10.5,,,
5/30/17 21:02,5/30/17,21:02,10.5,,,
5/30/17 22:02,5/30/17,22:02,10.5,,,
5/30/17 23:02,5/30/17,23:02,10.5,,,
5/31/17 0:02,5/31/17,0:02,10.5,,,
5/31/17 1:02,5/31/17,1:02,10.5,,,
5/31/17 2:02,5/31/17,2:02,11,,,
5/31/17 3:02,5/31/17,3:02,11,,,
5/31/17 4:02,5/31/17,4:02,11,,,
5/31/17 5:02,5/31/17,5:02,11,,,
5/31/17 6:02,5/31/17,6:02,11,,,
5/31/17 7:02,5/31/17,7:02,11,,,
5/31/17 8:02,5/31/17,8:02,11,,,
5/31/17 9:02,5/31/17,9:02,11,,,
5/31/17 10:02,5/31/17,10:02,11,,,
5/31/17 11:02,5/31/17,11:02,11,,,
5/31/17 12:02,5/31/17,12:02,11,,,
5/31/17 13:02,5/31/17,13:02,11,,,
5/31/17 14:02,5/31/17,14:02,11,,,
5/31/17 15:02,5/31/17,15:02,11,,,
5/31/17 16:02,5/31/17,16:02,11,,,
5/31/17 17:02,5/31/17,17:02,11,,,
5/31/17 18:02,5/31/17,18:02,11,,,
5/31/17 19:02,5/31/17,19:02,11,,,
5/31/17 20:02,5/31/17,20:02,11,,,
5/31/17 21:02,5/31/17,21:02,11,,,
5/31/17 22:02,5/31/17,22:02,11,,,
5/31/17 23:02,5/31/17,23:02,11,,,
6/1/17 0:02,6/1/17,0:02,11,,,
6/1/17 1:02,6/1/17,1:02,11,,,
6/1/17 2:02,6/1/17,2:02,11,,,
6/1/17 3:02,6/1/17,3:02,11,,,
6/1/17 4:02,6/1/17,4:02,11,,,
6/1/17 5:02,6/1/17,5:02,11,,,
6/1/17 6:02,6/1/17,6:02,11,,,
6/1/17 7:02,6/1/17,7:02,11,,,
6/1/17 8:02,6/1/17,8:02,11,,,
6/1/17 9:02,6/1/17,9:02,11,,,
6/1/17 10:02,6/1/17,10:02,11,,,
6/1/17 11:02,6/1/17,11:02,11,,,
6/1/17 12:02,6/1/17,12:02,11,,,
6/1/17 13:02,6/1/17,13:02,11,,,
6/1/17 14:02,6/1/17,14:02,11,,,
6/1/17 15:02,6/1/17,15:02,11,,,
6/1/17 16:02,6/1/17,16:02,11,,,
6/1/17 17:02,6/1/17,17:02,11,,,
6/1/17 18:02,6/1/17,18:02,11,,,
6/1/17 19:02,6/1/17,19:02,11,,,
6/1/17 20:02,6/1/17,20:02,11,,,
6/1/17 21:02,6/1/17,21:02,11,,,
6/1/17 22:02,6/1/17,22:02,11,,,
6/1/17 23:02,6/1/17,23:02,11,,,
6/2/17 0:02,6/2/17,0:02,11,,,
6/2/17 1:02,6/2/17,1:02,11,,,
6/2/17 2:02,6/2/17,2:02,11,,,
6/2/17 3:02,6/2/17,3:02,11,,,
6/2/17 4:02,6/2/17,4:02,11,,,
6/2/17 5:02,6/2/17,5:02,11,,,
6/2/17 6:02,6/2/17,6:02,11,,,
6/2/17 7:02,6/2/17,7:02,11,,,
6/2/17 8:02,6/2/17,8:02,11,,,
6/2/17 9:02,6/2/17,9:02,11,,,
6/2/17 10:02,6/2/17,10:02,11,,,
6/2/17 11:02,6/2/17,11:02,11,,,
6/2/17 12:02,6/2/17,12:02,11,,,
6/2/17 13:02,6/2/17,13:02,11,,,
6/2/17 14:02,6/2/17,14:02,11,,,
6/2/17 15:02,6/2/17,15:02,11,,,
6/2/17 16:02,6/2/17,16:02,11,,,
6/2/17 17:02,6/2/17,17:02,11,,,
6/2/17 18:02,6/2/17,18:02,11,,,
6/2/17 19:02,6/2/17,19:02,11,,,
6/2/17 20:02,6/2/17,20:02,11,,,
6/2/17 21:02,6/2/17,21:02,11,,,
6/2/17 22:02,6/2/17,22:02,11,,,
6/2/17 23:02,6/2/17,23:02,11,,,
6/3/17 0:02,6/3/17,0:02,11,,,
6/3/17 1:02,6/3/17,1:02,11,,,
6/3/17 2:02,6/3/17,2:02,11,,,
6/3/17 3:02,6/3/17,3:02,11,,,
6/3/17 4:02,6/3/17,4:02,11,,,
6/3/17 5:02,6/3/17,5:02,11,,,
6/3/17 6:02,6/3/17,6:02,11,,,
6/3/17 7:02,6/3/17,7:02,11,,,
6/3/17 8:02,6/3/17,8:02,11,,,
6/3/17 9:02,6/3/17,9:02,11,,,
6/3/17 10:02,6/3/17,10:02,11,,,
6/3/17 11:02,6/3/17,11:02,11,,,
6/3/17 12:02,6/3/17,12:02,11,,,
6/3/17 13:02,6/3/17,13:02,11,,,
6/3/17 14:02,6/3/17,14:02,10.5,,,
6/3/17 15:02,6/3/17,15:02,10.5,,,
6/3/17 16:02,6/3/17,16:02,10.5,,,
6/3/17 17:02,6/3/17,17:02,10.5,,,
6/3/17 18:02,6/3/17,18:02,10.5,,,
6/3/17 19:02,6/3/17,19:02,10.5,,,
6/3/17 20:02,6/3/17,20:02,10.5,,,
6/3/17 21:02,6/3/17,21:02,10.5,,,
6/3/17 22:02,6/3/17,22:02,10.5,,,
6/3/17 23:02,6/3/17,23:02,10.5,,,
6/4/17 0:02,6/4/17,0:02,10.5,,,
6/4/17 1:02,6/4/17,1:02,10.5,,,
6/4/17 2:02,6/4/17,2:02,11,,,
6/4/17 3:02,6/4/17,3:02,11,,,
6/4/17 4:02,6/4/17,4:02,11,,,
6/4/17 5:02,6/4/17,5:02,11,,,
6/4/17 6:02,6/4/17,6:02,11,,,
6/4/17 7:02,6/4/17,7:02,11,,,
6/4/17 8:02,6/4/17,8:02,11,,,
6/4/17 9:02,6/4/17,9:02,11,,,
6/4/17 10:02,6/4/17,10:02,11,,,
6/4/17 11:02,6/4/17,11:02,11,,,
6/4/17 12:02,6/4/17,12:02,11,,,
6/4/17 13:02,6/4/17,13:02,11,,,
6/4/17 14:02,6/4/17,14:02,11,,,
6/4/17 15:02,6/4/17,15:02,11,,,
6/4/17 16:02,6/4/17,16:02,11,,,
6/4/17 17:02,6/4/17,17:02,11,,,
6/4/17 18:02,6/4/17,18:02,11,,,
6/4/17 19:02,6/4/17,19:02,11,,,
6/4/17 20:02,6/4/17,20:02,11,,,
6/4/17 21:02,6/4/17,21:02,11,,,
6/4/17 22:02,6/4/17,22:02,11,,,
6/4/17 23:02,6/4/17,23:02,11,,,
6/5/17 0:02,6/5/17,0:02,11,,,
6/5/17 1:02,6/5/17,1:02,11,,,
6/5/17 2:02,6/5/17,2:02,11,,,
6/5/17 3:02,6/5/17,3:02,11,,,
6/5/17 4:02,6/5/17,4:02,11,,,
6/5/17 5:02,6/5/17,5:02,11,,,
6/5/17 6:02,6/5/17,6:02,11,,,
6/5/17 7:02,6/5/17,7:02,11,,,
6/5/17 8:02,6/5/17,8:02,11,,,
6/5/17 9:02,6/5/17,9:02,11,,,
6/5/17 10:02,6/5/17,10:02,11,,,
6/5/17 11:02,6/5/17,11:02,11,,,
6/5/17 12:02,6/5/17,12:02,11,,,
6/5/17 13:02,6/5/17,13:02,11,,,
6/5/17 14:02,6/5/17,14:02,11,,,
6/5/17 15:02,6/5/17,15:02,11,,,
6/5/17 16:02,6/5/17,16:02,11,,,
6/5/17 17:02,6/5/17,17:02,11,,,
6/5/17 18:02,6/5/17,18:02,11,,,
6/5/17 19:02,6/5/17,19:02,11,,,
6/5/17 20:02,6/5/17,20:02,11,,,
6/5/17 21:02,6/5/17,21:02,11,,,
6/5/17 22:02,6/5/17,22:02,11,,,
6/5/17 23:02,6/5/17,23:02,11,,,
6/6/17 0:02,6/6/17,0:02,11,,,
6/6/17 1:02,6/6/17,1:02,11,,,
6/6/17 2:02,6/6/17,2:02,11,,,
6/6/17 3:02,6/6/17,3:02,11,,,
6/6/17 4:02,6/6/17,4:02,11,,,
6/6/17 5:02,6/6/17,5:02,11,,,
6/6/17 6:02,6/6/17,6:02,11,,,
6/6/17 7:02,6/6/17,7:02,11,,,
6/6/17 8:02,6/6/17,8:02,11,,,
6/6/17 9:02,6/6/17,9:02,11,,,
6/6/17 10:02,6/6/17,10:02,11,,,
6/6/17 11:02,6/6/17,11:02,11,,,
6/6/17 12:02,6/6/17,12:02,11,,,
6/6/17 13:02,6/6/17,13:02,11,,,
6/6/17 14:02,6/6/17,14:02,11,,,
6/6/17 15:02,6/6/17,15:02,11,,,
6/6/17 16:02,6/6/17,16:02,11,,,
6/6/17 17:02,6/6/17,17:02,11,,,
6/6/17 18:02,6/6/17,18:02,11,,,
6/6/17 19:02,6/6/17,19:02,11,,,
6/6/17 20:02,6/6/17,20:02,11,,,
6/6/17 21:02,6/6/17,21:02,11,,,
6/6/17 22:02,6/6/17,22:02,11,,,
6/6/17 23:02,6/6/17,23:02,11,,,
6/7/17 0:02,6/7/17,0:02,11,,,
6/7/17 1:02,6/7/17,1:02,11,,,
6/7/17 2:02,6/7/17,2:02,11,,,
6/7/17 3:02,6/7/17,3:02,11,,,
6/7/17 4:02,6/7/17,4:02,11,,,
6/7/17 5:02,6/7/17,5:02,11,,,
6/7/17 6:02,6/7/17,6:02,11,,,
6/7/17 7:02,6/7/17,7:02,11,,,
6/7/17 8:02,6/7/17,8:02,11,,,
6/7/17 9:02,6/7/17,9:02,11,,,
6/7/17 10:02,6/7/17,10:02,11,,,
6/7/17 11:02,6/7/17,11:02,11,,,
6/7/17 12:02,6/7/17,12:02,11,,,
6/7/17 13:02,6/7/17,13:02,11,,,
6/7/17 14:02,6/7/17,14:02,11,,,
6/7/17 15:02,6/7/17,15:02,11,,,
6/7/17 16:02,6/7/17,16:02,11,,,
6/7/17 17:02,6/7/17,17:02,11,,,
6/7/17 18:02,6/7/17,18:02,11,,,
6/7/17 19:02,6/7/17,19:02,11,,,
6/7/17 20:02,6/7/17,20:02,11,,,
6/7/17 21:02,6/7/17,21:02,11,,,
6/7/17 22:02,6/7/17,22:02,11,,,
6/7/17 23:02,6/7/17,23:02,11,,,
6/8/17 0:02,6/8/17,0:02,11,,,
6/8/17 1:02,6/8/17,1:02,11,,,
6/8/17 2:02,6/8/17,2:02,11,,,
6/8/17 3:02,6/8/17,3:02,11,,,
6/8/17 4:02,6/8/17,4:02,11,,,
6/8/17 5:02,6/8/17,5:02,11,,,
6/8/17 6:02,6/8/17,6:02,11,,,
6/8/17 7:02,6/8/17,7:02,11,,,
6/8/17 8:02,6/8/17,8:02,11,,,
6/8/17 9:02,6/8/17,9:02,11,,,
6/8/17 10:02,6/8/17,10:02,11,,,
6/8/17 11:02,6/8/17,11:02,11,,,
6/8/17 12:02,6/8/17,12:02,11,,,
6/8/17 13:02,6/8/17,13:02,11,,,
6/8/17 14:02,6/8/17,14:02,11,,,
6/8/17 15:02,6/8/17,15:02,11,,,
6/8/17 16:02,6/8/17,16:02,11,,,
6/8/17 17:02,6/8/17,17:02,11,,,
6/8/17 18:02,6/8/17,18:02,11,,,
6/8/17 19:02,6/8/17,19:02,11,,,
6/8/17 20:02,6/8/17,20:02,11,,,
6/8/17 21:02,6/8/17,21:02,11,,,
6/8/17 22:02,6/8/17,22:02,11,,,
6/8/17 23:02,6/8/17,23:02,11,,,
6/9/17 0:02,6/9/17,0:02,11,,,
6/9/17 1:02,6/9/17,1:02,11,,,
6/9/17 2:02,6/9/17,2:02,11,,,
6/9/17 3:02,6/9/17,3:02,11,,,
6/9/17 4:02,6/9/17,4:02,11,,,
6/9/17 5:02,6/9/17,5:02,11,,,
6/9/17 6:02,6/9/17,6:02,11,,,
6/9/17 7:02,6/9/17,7:02,11,,,
6/9/17 8:02,6/9/17,8:02,11,,,
6/9/17 9:02,6/9/17,9:02,11,,,
6/9/17 10:02,6/9/17,10:02,11,,,
6/9/17 11:02,6/9/17,11:02,11,,,
6/9/17 12:02,6/9/17,12:02,11,,,
6/9/17 13:02,6/9/17,13:02,11,,,
6/9/17 14:02,6/9/17,14:02,11,,,
6/9/17 15:02,6/9/17,15:02,11,,,
6/9/17 16:02,6/9/17,16:02,11,,,
6/9/17 17:02,6/9/17,17:02,11,,,
6/9/17 18:02,6/9/17,18:02,11,,,
6/9/17 19:02,6/9/17,19:02,11,,,
6/9/17 20:02,6/9/17,20:02,11,,,
6/9/17 21:02,6/9/17,21:02,11,,,
6/9/17 22:02,6/9/17,22:02,11,,,
6/9/17 23:02,6/9/17,23:02,11,,,
6/10/17 0:02,6/10/17,0:02,11,,,
6/10/17 1:02,6/10/17,1:02,11,,,
6/10/17 2:02,6/10/17,2:02,11,,,
6/10/17 3:02,6/10/17,3:02,11,,,
6/10/17 4:02,6/10/17,4:02,11,,,
6/10/17 5:02,6/10/17,5:02,11,,,
6/10/17 6:02,6/10/17,6:02,11,,,
6/10/17 7:02,6/10/17,7:02,11,,,
6/10/17 8:02,6/10/17,8:02,11,,,
6/10/17 9:02,6/10/17,9:02,11,,,
6/10/17 10:02,6/10/17,10:02,11,,,
6/10/17 11:02,6/10/17,11:02,11,,,
6/10/17 12:02,6/10/17,12:02,11,,,
6/10/17 13:02,6/10/17,13:02,11,,,
6/10/17 14:02,6/10/17,14:02,11,,,
6/10/17 15:02,6/10/17,15:02,11,,,
6/10/17 16:02,6/10/17,16:02,11,,,
6/10/17 17:02,6/10/17,17:02,11,,,
6/10/17 18:02,6/10/17,18:02,11,,,
6/10/17 19:02,6/10/17,19:02,11,,,
6/10/17 20:02,6/10/17,20:02,11,,,
6/10/17 21:02,6/10/17,21:02,11,,,
6/10/17 22:02,6/10/17,22:02,11,,,
6/10/17 23:02,6/10/17,23:02,11,,,
6/11/17 0:02,6/11/17,0:02,11,,,
6/11/17 1:02,6/11/17,1:02,11,,,
6/11/17 2:02,6/11/17,2:02,11,,,
6/11/17 3:02,6/11/17,3:02,11,,,
6/11/17 4:02,6/11/17,4:02,11,,,
6/11/17 5:02,6/11/17,5:02,11,,,
6/11/17 6:02,6/11/17,6:02,11,,,
6/11/17 7:02,6/11/17,7:02,11,,,
6/11/17 8:02,6/11/17,8:02,11,,,
6/11/17 9:02,6/11/17,9:02,11,,,
6/11/17 10:02,6/11/17,10:02,11,,,
6/11/17 11:02,6/11/17,11:02,11,,,
6/11/17 12:02,6/11/17,12:02,11,,,
6/11/17 13:02,6/11/17,13:02,11,,,
6/11/17 14:02,6/11/17,14:02,11,,,
6/11/17 15:02,6/11/17,15:02,11,,,
6/11/17 16:02,6/11/17,16:02,11,,,
6/11/17 17:02,6/11/17,17:02,11,,,
6/11/17 18:02,6/11/17,18:02,11,,,
6/11/17 19:02,6/11/17,19:02,11,,,
6/11/17 20:02,6/11/17,20:02,11,,,
6/11/17 21:02,6/11/17,21:02,11,,,
6/11/17 22:02,6/11/17,22:02,11,,,
6/11/17 23:02,6/11/17,23:02,11,,,
6/12/17 0:02,6/12/17,0:02,11,,,
6/12/17 1:02,6/12/17,1:02,11,,,
6/12/17 2:02,6/12/17,2:02,11,,,
6/12/17 3:02,6/12/17,3:02,11,,,
6/12/17 4:02,6/12/17,4:02,11,,,
6/12/17 5:02,6/12/17,5:02,11.5,,,
6/12/17 6:02,6/12/17,6:02,11.5,,,
6/12/17 7:02,6/12/17,7:02,11.5,,,
6/12/17 8:02,6/12/17,8:02,11.5,,,
6/12/17 9:02,6/12/17,9:02,11.5,,,
6/12/17 10:02,6/12/17,10:02,11.5,,,
6/12/17 11:02,6/12/17,11:02,11.5,,,
6/12/17 12:02,6/12/17,12:02,11.5,,,
6/12/17 13:02,6/12/17,13:02,11.5,,,
6/12/17 14:02,6/12/17,14:02,11.5,,,
6/12/17 15:02,6/12/17,15:02,11.5,,,
6/12/17 16:02,6/12/17,16:02,11.5,,,
6/12/17 17:02,6/12/17,17:02,11.5,,,
6/12/17 18:02,6/12/17,18:02,11.5,,,
6/12/17 19:02,6/12/17,19:02,11.5,,,
6/12/17 20:02,6/12/17,20:02,11.5,,,
6/12/17 21:02,6/12/17,21:02,11.5,,,
6/12/17 22:02,6/12/17,22:02,11.5,,,
6/12/17 23:02,6/12/17,23:02,11.5,,,
6/13/17 0:02,6/13/17,0:02,11.5,,,
6/13/17 1:02,6/13/17,1:02,11.5,,,
6/13/17 2:02,6/13/17,2:02,11.5,,,
6/13/17 3:02,6/13/17,3:02,11.5,,,
6/13/17 4:02,6/13/17,4:02,11.5,,,
6/13/17 5:02,6/13/17,5:02,11.5,,,
6/13/17 6:02,6/13/17,6:02,11.5,,,
6/13/17 7:02,6/13/17,7:02,11.5,,,
6/13/17 8:02,6/13/17,8:02,11.5,,,
6/13/17 9:02,6/13/17,9:02,11.5,,,
6/13/17 10:02,6/13/17,10:02,11.5,,,
6/13/17 11:02,6/13/17,11:02,11.5,,,
6/13/17 12:02,6/13/17,12:02,11.5,,,
6/13/17 13:02,6/13/17,13:02,11.5,,,
6/13/17 14:02,6/13/17,14:02,11.5,,,
6/13/17 15:02,6/13/17,15:02,11.5,,,
6/13/17 16:02,6/13/17,16:02,11.5,,,
6/13/17 17:02,6/13/17,17:02,11.5,,,
6/13/17 18:02,6/13/17,18:02,11.5,,,
6/13/17 19:02,6/13/17,19:02,11.5,,,
6/13/17 20:02,6/13/17,20:02,12,,,
6/13/17 21:02,6/13/17,21:02,12,,,
6/13/17 22:02,6/13/17,22:02,12,,,
6/13/17 23:02,6/13/17,23:02,12,,,
6/14/17 0:02,6/14/17,0:02,12,,,
6/14/17 1:02,6/14/17,1:02,12,,,
6/14/17 2:02,6/14/17,2:02,12,,,
6/14/17 3:02,6/14/17,3:02,12,,,
6/14/17 4:02,6/14/17,4:02,12,,,
6/14/17 5:02,6/14/17,5:02,12,,,
6/14/17 6:02,6/14/17,6:02,12,,,
6/14/17 7:02,6/14/17,7:02,12,,,
6/14/17 8:02,6/14/17,8:02,12,,,
6/14/17 9:02,6/14/17,9:02,12,,,
6/14/17 10:02,6/14/17,10:02,12,,,
6/14/17 11:02,6/14/17,11:02,12,,,
6/14/17 12:02,6/14/17,12:02,12,,,
6/14/17 13:02,6/14/17,13:02,12,,,
6/14/17 14:02,6/14/17,14:02,12,,,
6/14/17 15:02,6/14/17,15:02,12,,,
6/14/17 16:02,6/14/17,16:02,12,,,
6/14/17 17:02,6/14/17,17:02,12,,,
6/14/17 18:02,6/14/17,18:02,12,,,
6/14/17 19:02,6/14/17,19:02,12,,,
6/14/17 20:02,6/14/17,20:02,12,,,
6/14/17 21:02,6/14/17,21:02,12,,,
6/14/17 22:02,6/14/17,22:02,12,,,
6/14/17 23:02,6/14/17,23:02,12,,,
6/15/17 0:02,6/15/17,0:02,12,,,
6/15/17 1:02,6/15/17,1:02,12,,,
6/15/17 2:02,6/15/17,2:02,12,,,
6/15/17 3:02,6/15/17,3:02,12,,,
6/15/17 4:02,6/15/17,4:02,12,,,
6/15/17 5:02,6/15/17,5:02,12.5,,,
6/15/17 6:02,6/15/17,6:02,12.5,,,
6/15/17 7:02,6/15/17,7:02,12.5,,,
6/15/17 8:02,6/15/17,8:02,12.5,,,
6/15/17 9:02,6/15/17,9:02,12.5,,,
6/15/17 10:02,6/15/17,10:02,12.5,,,
6/15/17 11:02,6/15/17,11:02,12.5,,,
6/15/17 12:02,6/15/17,12:02,12.5,,,
6/15/17 13:02,6/15/17,13:02,12.5,,,
6/15/17 14:02,6/15/17,14:02,12.5,,,
6/15/17 15:02,6/15/17,15:02,12.5,,,
6/15/17 16:02,6/15/17,16:02,12.5,,,
6/15/17 17:02,6/15/17,17:02,12.5,,,
6/15/17 18:02,6/15/17,18:02,12.5,,,
6/15/17 19:02,6/15/17,19:02,12.5,,,
6/15/17 20:02,6/15/17,20:02,12.5,,,
6/15/17 21:02,6/15/17,21:02,12.5,,,
6/15/17 22:02,6/15/17,22:02,12.5,,,
6/15/17 23:02,6/15/17,23:02,12.5,,,
6/16/17 0:02,6/16/17,0:02,12.5,,,
6/16/17 1:02,6/16/17,1:02,12.5,,,
6/16/17 2:02,6/16/17,2:02,12.5,,,
6/16/17 3:02,6/16/17,3:02,12.5,,,
6/16/17 4:02,6/16/17,4:02,12.5,,,
6/16/17 5:02,6/16/17,5:02,12.5,,,
6/16/17 6:02,6/16/17,6:02,12.5,,,
6/16/17 7:02,6/16/17,7:02,12.5,,,
6/16/17 8:02,6/16/17,8:02,12.5,,,
6/16/17 9:02,6/16/17,9:02,12.5,,,
6/16/17 10:02,6/16/17,10:02,12.5,,,
6/16/17 11:02,6/16/17,11:02,12.5,,,
6/16/17 12:02,6/16/17,12:02,12.5,,,
6/16/17 13:02,6/16/17,13:02,12.5,,,
6/16/17 14:02,6/16/17,14:02,12.5,,,
6/16/17 15:02,6/16/17,15:02,12.5,,,
6/16/17 16:02,6/16/17,16:02,13,,,
6/16/17 17:02,6/16/17,17:02,13,,,
6/16/17 18:02,6/16/17,18:02,13,,,
6/16/17 19:02,6/16/17,19:02,13,,,
6/16/17 20:02,6/16/17,20:02,13,,,
6/16/17 21:02,6/16/17,21:02,13,,,
6/16/17 22:02,6/16/17,22:02,13,,,
6/16/17 23:02,6/16/17,23:02,13,,,
6/17/17 0:02,6/17/17,0:02,13,,,
6/17/17 1:02,6/17/17,1:02,13,,,
6/17/17 2:02,6/17/17,2:02,13,,,
6/17/17 3:02,6/17/17,3:02,13,,,
6/17/17 4:02,6/17/17,4:02,13,,,
6/17/17 5:02,6/17/17,5:02,13,,,
6/17/17 6:02,6/17/17,6:02,13,,,
6/17/17 7:02,6/17/17,7:02,13,,,
6/17/17 8:02,6/17/17,8:02,13,,,
6/17/17 9:02,6/17/17,9:02,13,,,
6/17/17 10:02,6/17/17,10:02,13,,,
6/17/17 11:02,6/17/17,11:02,13,,,
6/17/17 12:02,6/17/17,12:02,13,,,
6/17/17 13:02,6/17/17,13:02,13,,,
6/17/17 14:02,6/17/17,14:02,13,,,
6/17/17 15:02,6/17/17,15:02,13,,,
6/17/17 16:02,6/17/17,16:02,13,,,
6/17/17 17:02,6/17/17,17:02,13,,,
6/17/17 18:02,6/17/17,18:02,13,,,
6/17/17 19:02,6/17/17,19:02,13,,,
6/17/17 20:02,6/17/17,20:02,13,,,
6/17/17 21:02,6/17/17,21:02,13,,,
6/17/17 22:02,6/17/17,22:02,13,,,
6/17/17 23:02,6/17/17,23:02,13,,,
6/18/17 0:02,6/18/17,0:02,13,,,
6/18/17 1:02,6/18/17,1:02,13,,,
6/18/17 2:02,6/18/17,2:02,13,,,
6/18/17 3:02,6/18/17,3:02,13,,,
6/18/17 4:02,6/18/17,4:02,13,,,
6/18/17 5:02,6/18/17,5:02,13,,,
6/18/17 6:02,6/18/17,6:02,13,,,
6/18/17 7:02,6/18/17,7:02,13,,,
6/18/17 8:02,6/18/17,8:02,13,,,
6/18/17 9:02,6/18/17,9:02,13,,,
6/18/17 10:02,6/18/17,10:02,13,,,
6/18/17 11:02,6/18/17,11:02,13,,,
6/18/17 12:02,6/18/17,12:02,13,,,
6/18/17 13:02,6/18/17,13:02,13,,,
6/18/17 14:02,6/18/17,14:02,13,,,
6/18/17 15:02,6/18/17,15:02,13,,,
6/18/17 16:02,6/18/17,16:02,13,,,
6/18/17 17:02,6/18/17,17:02,13,,,
6/18/17 18:02,6/18/17,18:02,13,,,
6/18/17 19:02,6/18/17,19:02,13,,,
6/18/17 20:02,6/18/17,20:02,13,,,
6/18/17 21:02,6/18/17,21:02,13,,,
6/18/17 22:02,6/18/17,22:02,13,,,
6/18/17 23:02,6/18/17,23:02,13.5,,,
6/19/17 0:02,6/19/17,0:02,13.5,,,
6/19/17 1:02,6/19/17,1:02,13.5,,,
6/19/17 2:02,6/19/17,2:02,13.5,,,
6/19/17 3:02,6/19/17,3:02,13.5,,,
6/19/17 4:02,6/19/17,4:02,13.5,,,
6/19/17 5:02,6/19/17,5:02,13.5,,,
6/19/17 6:02,6/19/17,6:02,13.5,,,
6/19/17 7:02,6/19/17,7:02,13.5,,,
6/19/17 8:02,6/19/17,8:02,13.5,,,
6/19/17 9:02,6/19/17,9:02,13.5,,,
6/19/17 10:02,6/19/17,10:02,13.5,,,
6/19/17 11:02,6/19/17,11:02,13.5,,,
6/19/17 12:02,6/19/17,12:02,13.5,,,
6/19/17 13:02,6/19/17,13:02,13.5,,,
6/19/17 14:02,6/19/17,14:02,13.5,,,
6/19/17 15:02,6/19/17,15:02,13.5,,,
6/19/17 16:02,6/19/17,16:02,13.5,,,
6/19/17 17:02,6/19/17,17:02,13.5,,,
6/19/17 18:02,6/19/17,18:02,13.5,,,
6/19/17 19:02,6/19/17,19:02,13.5,,,
6/19/17 20:02,6/19/17,20:02,13.5,,,
6/19/17 21:02,6/19/17,21:02,13.5,,,
6/19/17 22:02,6/19/17,22:02,13.5,,,
6/19/17 23:02,6/19/17,23:02,13.5,,,
6/20/17 0:02,6/20/17,0:02,13.5,,,
6/20/17 1:02,6/20/17,1:02,13.5,,,
6/20/17 2:02,6/20/17,2:02,13.5,,,
6/20/17 3:02,6/20/17,3:02,13.5,,,
6/20/17 4:02,6/20/17,4:02,13.5,,,
6/20/17 5:02,6/20/17,5:02,13.5,,,
6/20/17 6:02,6/20/17,6:02,13.5,,,
6/20/17 7:02,6/20/17,7:02,13.5,,,
6/20/17 8:02,6/20/17,8:02,13.5,,,
6/20/17 9:02,6/20/17,9:02,13.5,,,
6/20/17 10:02,6/20/17,10:02,13.5,,,
6/20/17 11:02,6/20/17,11:02,13.5,,,
6/20/17 12:02,6/20/17,12:02,13.5,,,
6/20/17 13:02,6/20/17,13:02,13.5,,,
6/20/17 14:02,6/20/17,14:02,13.5,,,
6/20/17 15:02,6/20/17,15:02,13.5,,,
6/20/17 16:02,6/20/17,16:02,13.5,,,
6/20/17 17:02,6/20/17,17:02,13.5,,,
6/20/17 18:02,6/20/17,18:02,13.5,,,
6/20/17 19:02,6/20/17,19:02,13.5,,,
6/20/17 20:02,6/20/17,20:02,13.5,,,
6/20/17 21:02,6/20/17,21:02,13.5,,,
6/20/17 22:02,6/20/17,22:02,13.5,,,
6/20/17 23:02,6/20/17,23:02,13.5,,,
6/21/17 0:02,6/21/17,0:02,13.5,,,
6/21/17 1:02,6/21/17,1:02,13.5,,,
6/21/17 2:02,6/21/17,2:02,13.5,,,
6/21/17 3:02,6/21/17,3:02,13.5,,,
6/21/17 4:02,6/21/17,4:02,13.5,,,
6/21/17 5:02,6/21/17,5:02,13.5,,,
6/21/17 6:02,6/21/17,6:02,13.5,,,
6/21/17 7:02,6/21/17,7:02,13.5,,,
6/21/17 8:02,6/21/17,8:02,13.5,,,
6/21/17 9:02,6/21/17,9:02,13.5,,,
6/21/17 10:02,6/21/17,10:02,13.5,,,
6/21/17 11:02,6/21/17,11:02,13.5,,,
6/21/17 12:02,6/21/17,12:02,13.5,,,
6/21/17 13:02,6/21/17,13:02,13.5,,,
6/21/17 14:02,6/21/17,14:02,13.5,,,
6/21/17 15:02,6/21/17,15:02,13.5,,,
6/21/17 16:02,6/21/17,16:02,13.5,,,
6/21/17 17:02,6/21/17,17:02,13.5,,,
6/21/17 18:02,6/21/17,18:02,13.5,,,
6/21/17 19:02,6/21/17,19:02,13.5,,,
6/21/17 20:02,6/21/17,20:02,13.5,,,
6/21/17 21:02,6/21/17,21:02,13.5,,,
6/21/17 22:02,6/21/17,22:02,13.5,,,
6/21/17 23:02,6/21/17,23:02,13.5,,,
6/22/17 0:02,6/22/17,0:02,13.5,,,
6/22/17 1:02,6/22/17,1:02,13.5,,,
6/22/17 2:02,6/22/17,2:02,13.5,,,
6/22/17 3:02,6/22/17,3:02,13.5,,,
6/22/17 4:02,6/22/17,4:02,13.5,,,
6/22/17 5:02,6/22/17,5:02,13.5,,,
6/22/17 6:02,6/22/17,6:02,13.5,,,
6/22/17 7:02,6/22/17,7:02,13.5,,,
6/22/17 8:02,6/22/17,8:02,13.5,,,
6/22/17 9:02,6/22/17,9:02,13.5,,,
6/22/17 10:02,6/22/17,10:02,13.5,,,
6/22/17 11:02,6/22/17,11:02,13.5,,,
6/22/17 12:02,6/22/17,12:02,13.5,,,
6/22/17 13:02,6/22/17,13:02,13.5,,,
6/22/17 14:02,6/22/17,14:02,13.5,,,
6/22/17 15:02,6/22/17,15:02,13.5,,,
6/22/17 16:02,6/22/17,16:02,13.5,,,
6/22/17 17:02,6/22/17,17:02,13.5,,,
6/22/17 18:02,6/22/17,18:02,13.5,,,
6/22/17 19:02,6/22/17,19:02,13.5,,,
6/22/17 20:02,6/22/17,20:02,13.5,,,
6/22/17 21:02,6/22/17,21:02,13.5,,,
6/22/17 22:02,6/22/17,22:02,13.5,,,
6/22/17 23:02,6/22/17,23:02,13.5,,,
6/23/17 0:02,6/23/17,0:02,13.5,,,
6/23/17 1:02,6/23/17,1:02,13.5,,,
6/23/17 2:02,6/23/17,2:02,13.5,,,
6/23/17 3:02,6/23/17,3:02,13.5,,,
6/23/17 4:02,6/23/17,4:02,13.5,,,
6/23/17 5:02,6/23/17,5:02,13.5,,,
6/23/17 6:02,6/23/17,6:02,13.5,,,
6/23/17 7:02,6/23/17,7:02,13.5,,,
6/23/17 8:02,6/23/17,8:02,13.5,,,
6/23/17 9:02,6/23/17,9:02,13.5,,,
6/23/17 10:02,6/23/17,10:02,13.5,,,
6/23/17 11:02,6/23/17,11:02,13.5,,,
6/23/17 12:02,6/23/17,12:02,13.5,,,
6/23/17 13:02,6/23/17,13:02,13.5,,,
6/23/17 14:02,6/23/17,14:02,13.5,,,
6/23/17 15:02,6/23/17,15:02,13.5,,,
6/23/17 16:02,6/23/17,16:02,13.5,,,
6/23/17 17:02,6/23/17,17:02,13.5,,,
6/23/17 18:02,6/23/17,18:02,13.5,,,
6/23/17 19:02,6/23/17,19:02,13.5,,,
6/23/17 20:02,6/23/17,20:02,13.5,,,
6/23/17 21:02,6/23/17,21:02,13.5,,,
6/23/17 22:02,6/23/17,22:02,13.5,,,
6/23/17 23:02,6/23/17,23:02,13.5,,,
6/24/17 0:02,6/24/17,0:02,14,,,
6/24/17 1:02,6/24/17,1:02,14,,,
6/24/17 2:02,6/24/17,2:02,14,,,
6/24/17 3:02,6/24/17,3:02,14,,,
6/24/17 4:02,6/24/17,4:02,14,,,
6/24/17 5:02,6/24/17,5:02,14,,,
6/24/17 6:02,6/24/17,6:02,14,,,
6/24/17 7:02,6/24/17,7:02,14,,,
6/24/17 8:02,6/24/17,8:02,14,,,
6/24/17 9:02,6/24/17,9:02,14,,,
6/24/17 10:02,6/24/17,10:02,14,,,
6/24/17 11:02,6/24/17,11:02,14,,,
6/24/17 12:02,6/24/17,12:02,14,,,
6/24/17 13:02,6/24/17,13:02,14,,,
6/24/17 14:02,6/24/17,14:02,14,,,
6/24/17 15:02,6/24/17,15:02,14,,,
6/24/17 16:02,6/24/17,16:02,14,,,
6/24/17 17:02,6/24/17,17:02,14,,,
6/24/17 18:02,6/24/17,18:02,14,,,
6/24/17 19:02,6/24/17,19:02,14,,,
6/24/17 20:02,6/24/17,20:02,14,,,
6/24/17 21:02,6/24/17,21:02,14,,,
6/24/17 22:02,6/24/17,22:02,14,,,
6/24/17 23:02,6/24/17,23:02,14,,,
6/25/17 0:02,6/25/17,0:02,14,,,
6/25/17 1:02,6/25/17,1:02,14,,,
6/25/17 2:02,6/25/17,2:02,14,,,
6/25/17 3:02,6/25/17,3:02,14,,,
6/25/17 4:02,6/25/17,4:02,14,,,
6/25/17 5:02,6/25/17,5:02,14,,,
6/25/17 6:02,6/25/17,6:02,14,,,
6/25/17 7:02,6/25/17,7:02,14,,,
6/25/17 8:02,6/25/17,8:02,14,,,
6/25/17 9:02,6/25/17,9:02,14,,,
6/25/17 10:02,6/25/17,10:02,14,,,
6/25/17 11:02,6/25/17,11:02,14,,,
6/25/17 12:02,6/25/17,12:02,14,,,
6/25/17 13:02,6/25/17,13:02,14,,,
6/25/17 14:02,6/25/17,14:02,14,,,
6/25/17 15:02,6/25/17,15:02,14,,,
6/25/17 16:02,6/25/17,16:02,14,,,
6/25/17 17:02,6/25/17,17:02,14,,,
6/25/17 18:02,6/25/17,18:02,14,,,
6/25/17 19:02,6/25/17,19:02,14,,,
6/25/17 20:02,6/25/17,20:02,14,,,
6/25/17 21:02,6/25/17,21:02,14,,,
6/25/17 22:02,6/25/17,22:02,14,,,
6/25/17 23:02,6/25/17,23:02,14,,,
6/26/17 0:02,6/26/17,0:02,14,,,
6/26/17 1:02,6/26/17,1:02,14,,,
6/26/17 2:02,6/26/17,2:02,14,,,
6/26/17 3:02,6/26/17,3:02,14,,,
6/26/17 4:02,6/26/17,4:02,14,,,
6/26/17 5:02,6/26/17,5:02,14,,,
6/26/17 6:02,6/26/17,6:02,14,,,
6/26/17 7:02,6/26/17,7:02,13.5,,,
6/26/17 8:02,6/26/17,8:02,13.5,,,
6/26/17 9:02,6/26/17,9:02,13.5,,,
6/26/17 10:02,6/26/17,10:02,13.5,,,
6/26/17 11:02,6/26/17,11:02,13.5,,,
6/26/17 12:02,6/26/17,12:02,13.5,,,
6/26/17 13:02,6/26/17,13:02,13.5,,,
6/26/17 14:02,6/26/17,14:02,13.5,,,
6/26/17 15:02,6/26/17,15:02,13.5,,,
6/26/17 16:02,6/26/17,16:02,13.5,,,
6/26/17 17:02,6/26/17,17:02,13.5,,,
6/26/17 18:02,6/26/17,18:02,13.5,,,
6/26/17 19:02,6/26/17,19:02,13.5,,,
6/26/17 20:02,6/26/17,20:02,13.5,,,
6/26/17 21:02,6/26/17,21:02,13.5,,,
6/26/17 22:02,6/26/17,22:02,13.5,,,
6/26/17 23:02,6/26/17,23:02,13.5,,,
6/27/17 0:02,6/27/17,0:02,13.5,,,
6/27/17 1:02,6/27/17,1:02,13.5,,,
6/27/17 2:02,6/27/17,2:02,13.5,,,
6/27/17 3:02,6/27/17,3:02,13.5,,,
6/27/17 4:02,6/27/17,4:02,13.5,,,
6/27/17 5:02,6/27/17,5:02,13.5,,,
6/27/17 6:02,6/27/17,6:02,13.5,,,
6/27/17 7:02,6/27/17,7:02,13.5,,,
6/27/17 8:02,6/27/17,8:02,13.5,,,
6/27/17 9:02,6/27/17,9:02,13.5,,,
6/27/17 10:02,6/27/17,10:02,13.5,,,
6/27/17 11:02,6/27/17,11:02,13.5,,,
6/27/17 12:02,6/27/17,12:02,13.5,,,
6/27/17 13:02,6/27/17,13:02,13.5,,,
6/27/17 14:02,6/27/17,14:02,13.5,,,
6/27/17 15:02,6/27/17,15:02,13.5,,,
6/27/17 16:02,6/27/17,16:02,13.5,,,
6/27/17 17:02,6/27/17,17:02,13.5,,,
6/27/17 18:02,6/27/17,18:02,13.5,,,
6/27/17 19:02,6/27/17,19:02,13.5,,,
6/27/17 20:02,6/27/17,20:02,13.5,,,
6/27/17 21:02,6/27/17,21:02,13.5,,,
6/27/17 22:02,6/27/17,22:02,13,,,
6/27/17 23:02,6/27/17,23:02,13,,,
6/28/17 0:02,6/28/17,0:02,13,,,
6/28/17 1:02,6/28/17,1:02,13,,,
6/28/17 2:02,6/28/17,2:02,13,,,
6/28/17 3:02,6/28/17,3:02,13,,,
6/28/17 4:02,6/28/17,4:02,13,,,
6/28/17 5:02,6/28/17,5:02,13,,,
6/28/17 6:02,6/28/17,6:02,13,,,
6/28/17 7:02,6/28/17,7:02,13,,,
6/28/17 8:02,6/28/17,8:02,13,,,
6/28/17 9:02,6/28/17,9:02,13,,,
6/28/17 10:02,6/28/17,10:02,13,,,
6/28/17 11:02,6/28/17,11:02,13,,,
6/28/17 12:02,6/28/17,12:02,13,,,
6/28/17 13:02,6/28/17,13:02,13,,,
6/28/17 14:02,6/28/17,14:02,13,,,
6/28/17 15:02,6/28/17,15:02,13,,,
6/28/17 16:02,6/28/17,16:02,13,,,
6/28/17 17:02,6/28/17,17:02,13,,,
6/28/17 18:02,6/28/17,18:02,13,,,
6/28/17 19:02,6/28/17,19:02,13,,,
6/28/17 20:02,6/28/17,20:02,13,,,
6/28/17 21:02,6/28/17,21:02,13,,,
6/28/17 22:02,6/28/17,22:02,13,,,
6/28/17 23:02,6/28/17,23:02,13,,,
6/29/17 0:02,6/29/17,0:02,13,,,
6/29/17 1:02,6/29/17,1:02,13,,,
6/29/17 2:02,6/29/17,2:02,13,,,
6/29/17 3:02,6/29/17,3:02,13,,,
6/29/17 4:02,6/29/17,4:02,13,,,
6/29/17 5:02,6/29/17,5:02,13,,,
6/29/17 6:02,6/29/17,6:02,13,,,
6/29/17 7:02,6/29/17,7:02,13,,,
6/29/17 8:02,6/29/17,8:02,13,,,
6/29/17 9:02,6/29/17,9:02,13,,,
6/29/17 10:02,6/29/17,10:02,13,,,
6/29/17 11:02,6/29/17,11:02,13,,,
6/29/17 12:02,6/29/17,12:02,13,,,
6/29/17 13:02,6/29/17,13:02,13,,,
6/29/17 14:02,6/29/17,14:02,13,,,
6/29/17 15:02,6/29/17,15:02,13,,,
6/29/17 16:02,6/29/17,16:02,13,,,
6/29/17 17:02,6/29/17,17:02,13,,,
6/29/17 18:02,6/29/17,18:02,13,,,
6/29/17 19:02,6/29/17,19:02,13,,,
6/29/17 20:02,6/29/17,20:02,13,,,
6/29/17 21:02,6/29/17,21:02,13,,,
6/29/17 22:02,6/29/17,22:02,13,,,
6/29/17 23:02,6/29/17,23:02,13,,,
6/30/17 0:02,6/30/17,0:02,13,,,
6/30/17 1:02,6/30/17,1:02,13,,,
6/30/17 2:02,6/30/17,2:02,13,,,
6/30/17 3:02,6/30/17,3:02,13,,,
6/30/17 4:02,6/30/17,4:02,13,,,
6/30/17 5:02,6/30/17,5:02,13,,,
6/30/17 6:02,6/30/17,6:02,13,,,
6/30/17 7:02,6/30/17,7:02,13,,,
6/30/17 8:02,6/30/17,8:02,13,,,
6/30/17 9:02,6/30/17,9:02,13,,,
6/30/17 10:02,6/30/17,10:02,13,,,
6/30/17 11:02,6/30/17,11:02,13,,,
6/30/17 12:02,6/30/17,12:02,13,,,
6/30/17 13:02,6/30/17,13:02,13,,,
6/30/17 14:02,6/30/17,14:02,13,,,
6/30/17 15:02,6/30/17,15:02,13,,,
6/30/17 16:02,6/30/17,16:02,13,,,
6/30/17 17:02,6/30/17,17:02,13,,,
6/30/17 18:02,6/30/17,18:02,13,,,
6/30/17 19:02,6/30/17,19:02,13,,,
6/30/17 20:02,6/30/17,20:02,13,,,
6/30/17 21:02,6/30/17,21:02,13,,,
6/30/17 22:02,6/30/17,22:02,13,,,
6/30/17 23:02,6/30/17,23:02,13,,,
7/1/17 0:02,7/1/17,0:02,13,,,
7/1/17 1:02,7/1/17,1:02,13,,,
7/1/17 2:02,7/1/17,2:02,13,,,
7/1/17 3:02,7/1/17,3:02,13,,,
7/1/17 4:02,7/1/17,4:02,13,,,
7/1/17 5:02,7/1/17,5:02,13,,,
7/1/17 6:02,7/1/17,6:02,13,,,
7/1/17 7:02,7/1/17,7:02,13,,,
7/1/17 8:02,7/1/17,8:02,13,,,
7/1/17 9:02,7/1/17,9:02,13,,,
7/1/17 10:02,7/1/17,10:02,13,,,
7/1/17 11:02,7/1/17,11:02,13,,,
7/1/17 12:02,7/1/17,12:02,13,,,
7/1/17 13:02,7/1/17,13:02,13,,,
7/1/17 14:02,7/1/17,14:02,13,,,
7/1/17 15:02,7/1/17,15:02,13.5,,,
7/1/17 16:02,7/1/17,16:02,13,,,
7/1/17 17:02,7/1/17,17:02,13.5,,,
7/1/17 18:02,7/1/17,18:02,13.5,,,
7/1/17 19:02,7/1/17,19:02,13.5,,,
7/1/17 20:02,7/1/17,20:02,13.5,,,
7/1/17 21:02,7/1/17,21:02,13.5,,,
7/1/17 22:02,7/1/17,22:02,13.5,,,
7/1/17 23:02,7/1/17,23:02,13.5,,,
7/2/17 0:02,7/2/17,0:02,13.5,,,
7/2/17 1:02,7/2/17,1:02,13.5,,,
7/2/17 2:02,7/2/17,2:02,13.5,,,
7/2/17 3:02,7/2/17,3:02,13.5,,,
7/2/17 4:02,7/2/17,4:02,13.5,,,
7/2/17 5:02,7/2/17,5:02,13.5,,,
7/2/17 6:02,7/2/17,6:02,13.5,,,
7/2/17 7:02,7/2/17,7:02,13.5,,,
7/2/17 8:02,7/2/17,8:02,13.5,,,
7/2/17 9:02,7/2/17,9:02,13.5,,,
7/2/17 10:02,7/2/17,10:02,13.5,,,
7/2/17 11:02,7/2/17,11:02,13.5,,,
7/2/17 12:02,7/2/17,12:02,13.5,,,
7/2/17 13:02,7/2/17,13:02,13.5,,,
7/2/17 14:02,7/2/17,14:02,13.5,,,
7/2/17 15:02,7/2/17,15:02,13.5,,,
7/2/17 16:02,7/2/17,16:02,13.5,,,
7/2/17 17:02,7/2/17,17:02,13.5,,,
7/2/17 18:02,7/2/17,18:02,13.5,,,
7/2/17 19:02,7/2/17,19:02,13.5,,,
7/2/17 20:02,7/2/17,20:02,13.5,,,
7/2/17 21:02,7/2/17,21:02,13.5,,,
7/2/17 22:02,7/2/17,22:02,13.5,,,
7/2/17 23:02,7/2/17,23:02,13.5,,,
7/3/17 0:02,7/3/17,0:02,13.5,,,
7/3/17 1:02,7/3/17,1:02,13.5,,,
7/3/17 2:02,7/3/17,2:02,13.5,,,
7/3/17 3:02,7/3/17,3:02,13.5,,,
7/3/17 4:02,7/3/17,4:02,13.5,,,
7/3/17 5:02,7/3/17,5:02,13.5,,,
7/3/17 6:02,7/3/17,6:02,13.5,,,
7/3/17 7:02,7/3/17,7:02,13.5,,,
7/3/17 8:02,7/3/17,8:02,13.5,,,
7/3/17 9:02,7/3/17,9:02,13.5,,,
7/3/17 10:02,7/3/17,10:02,13.5,,,
7/3/17 11:02,7/3/17,11:02,13.5,,,
7/3/17 12:02,7/3/17,12:02,13.5,,,
7/3/17 13:02,7/3/17,13:02,13.5,,,
7/3/17 14:02,7/3/17,14:02,13.5,,,
7/3/17 15:02,7/3/17,15:02,14,,,
7/3/17 16:02,7/3/17,16:02,13.5,,,
7/3/17 17:02,7/3/17,17:02,13.5,,,
7/3/17 18:02,7/3/17,18:02,13.5,,,
7/3/17 19:02,7/3/17,19:02,13.5,,,
7/3/17 20:02,7/3/17,20:02,13.5,,,
7/3/17 21:02,7/3/17,21:02,13.5,,,
7/3/17 22:02,7/3/17,22:02,14,,,
7/3/17 23:02,7/3/17,23:02,14,,,
7/4/17 0:02,7/4/17,0:02,14,,,
7/4/17 1:02,7/4/17,1:02,14,,,
7/4/17 2:02,7/4/17,2:02,14,,,
7/4/17 3:02,7/4/17,3:02,14,,,
7/4/17 4:02,7/4/17,4:02,14,,,
7/4/17 5:02,7/4/17,5:02,14,,,
7/4/17 6:02,7/4/17,6:02,14,,,
7/4/17 7:02,7/4/17,7:02,14,,,
7/4/17 8:02,7/4/17,8:02,14,,,
7/4/17 9:02,7/4/17,9:02,14,,,
7/4/17 10:02,7/4/17,10:02,14,,,
7/4/17 11:02,7/4/17,11:02,14,,,
7/4/17 12:02,7/4/17,12:02,14,,,
7/4/17 13:02,7/4/17,13:02,14,,,
7/4/17 14:02,7/4/17,14:02,14,,,
7/4/17 15:02,7/4/17,15:02,14,,,
7/4/17 16:02,7/4/17,16:02,14,,,
7/4/17 17:02,7/4/17,17:02,14,,,
7/4/17 18:02,7/4/17,18:02,14,,,
7/4/17 19:02,7/4/17,19:02,14,,,
7/4/17 20:02,7/4/17,20:02,14,,,
7/4/17 21:02,7/4/17,21:02,14,,,
7/4/17 22:02,7/4/17,22:02,14,,,
7/4/17 23:02,7/4/17,23:02,14,,,
7/5/17 0:02,7/5/17,0:02,14,,,
7/5/17 1:02,7/5/17,1:02,14,,,
7/5/17 2:02,7/5/17,2:02,14,,,
7/5/17 3:02,7/5/17,3:02,14,,,
7/5/17 4:02,7/5/17,4:02,14,,,
7/5/17 5:02,7/5/17,5:02,14,,,
7/5/17 6:02,7/5/17,6:02,14,,,
7/5/17 7:02,7/5/17,7:02,14,,,
7/5/17 8:02,7/5/17,8:02,14,,,
7/5/17 9:02,7/5/17,9:02,14,,,
7/5/17 10:02,7/5/17,10:02,14,,,
7/5/17 11:02,7/5/17,11:02,14,,,
7/5/17 12:02,7/5/17,12:02,14,,,
7/5/17 13:02,7/5/17,13:02,14,,,
7/5/17 14:02,7/5/17,14:02,14,,,
7/5/17 15:02,7/5/17,15:02,14,,,
7/5/17 16:02,7/5/17,16:02,14,,,
7/5/17 17:02,7/5/17,17:02,14,,,
7/5/17 18:02,7/5/17,18:02,14,,,
7/5/17 19:02,7/5/17,19:02,14,,,
7/5/17 20:02,7/5/17,20:02,14,,,
7/5/17 21:02,7/5/17,21:02,14,,,
7/5/17 22:02,7/5/17,22:02,14,,,
7/5/17 23:02,7/5/17,23:02,14,,,
7/6/17 0:02,7/6/17,0:02,14,,,
7/6/17 1:02,7/6/17,1:02,14,,,
7/6/17 2:02,7/6/17,2:02,14,,,
7/6/17 3:02,7/6/17,3:02,14,,,
7/6/17 4:02,7/6/17,4:02,14,,,
7/6/17 5:02,7/6/17,5:02,14,,,
7/6/17 6:02,7/6/17,6:02,14,,,
7/6/17 7:02,7/6/17,7:02,14,,,
7/6/17 8:02,7/6/17,8:02,14,,,
7/6/17 9:02,7/6/17,9:02,14,,,
7/6/17 10:02,7/6/17,10:02,14,,,
7/6/17 11:02,7/6/17,11:02,14,,,
7/6/17 12:02,7/6/17,12:02,14,,,
7/6/17 13:02,7/6/17,13:02,14,,,
7/6/17 14:02,7/6/17,14:02,14,,,
7/6/17 15:02,7/6/17,15:02,14,,,
7/6/17 16:02,7/6/17,16:02,14,,,
7/6/17 17:02,7/6/17,17:02,14,,,
7/6/17 18:02,7/6/17,18:02,14,,,
7/6/17 19:02,7/6/17,19:02,14,,,
7/6/17 20:02,7/6/17,20:02,14,,,
7/6/17 21:02,7/6/17,21:02,14,,,
7/6/17 22:02,7/6/17,22:02,14,,,
7/6/17 23:02,7/6/17,23:02,14,,,
7/7/17 0:02,7/7/17,0:02,14,,,
7/7/17 1:02,7/7/17,1:02,14,,,
7/7/17 2:02,7/7/17,2:02,14,,,
7/7/17 3:02,7/7/17,3:02,14,,,
7/7/17 4:02,7/7/17,4:02,14,,,
7/7/17 5:02,7/7/17,5:02,14,,,
7/7/17 6:02,7/7/17,6:02,14,,,
7/7/17 7:02,7/7/17,7:02,14.5,,,
7/7/17 8:02,7/7/17,8:02,14.5,,,
7/7/17 9:02,7/7/17,9:02,14.5,,,
7/7/17 10:02,7/7/17,10:02,14.5,,,
7/7/17 11:02,7/7/17,11:02,14.5,,,
7/7/17 12:02,7/7/17,12:02,14.5,,,
7/7/17 13:02,7/7/17,13:02,14.5,,,
7/7/17 14:02,7/7/17,14:02,14.5,,,
7/7/17 15:02,7/7/17,15:02,14.5,,,
7/7/17 16:02,7/7/17,16:02,14.5,,,
7/7/17 17:02,7/7/17,17:02,14.5,,,
7/7/17 18:02,7/7/17,18:02,14.5,,,
7/7/17 19:02,7/7/17,19:02,14.5,,,
7/7/17 20:02,7/7/17,20:02,14.5,,,
7/7/17 21:02,7/7/17,21:02,14.5,,,
7/7/17 22:02,7/7/17,22:02,14.5,,,
7/7/17 23:02,7/7/17,23:02,14.5,,,
7/8/17 0:02,7/8/17,0:02,14.5,,,
7/8/17 1:02,7/8/17,1:02,14.5,,,
7/8/17 2:02,7/8/17,2:02,14.5,,,
7/8/17 3:02,7/8/17,3:02,14.5,,,
7/8/17 4:02,7/8/17,4:02,14.5,,,
7/8/17 5:02,7/8/17,5:02,14.5,,,
7/8/17 6:02,7/8/17,6:02,14.5,,,
7/8/17 7:02,7/8/17,7:02,14.5,,,
7/8/17 8:02,7/8/17,8:02,14.5,,,
7/8/17 9:02,7/8/17,9:02,14.5,,,
7/8/17 10:02,7/8/17,10:02,14.5,,,
7/8/17 11:02,7/8/17,11:02,14.5,,,
7/8/17 12:02,7/8/17,12:02,14.5,,,
7/8/17 13:02,7/8/17,13:02,14.5,,,
7/8/17 14:02,7/8/17,14:02,14.5,,,
7/8/17 15:02,7/8/17,15:02,14.5,,,
7/8/17 16:02,7/8/17,16:02,14.5,,,
7/8/17 17:02,7/8/17,17:02,14.5,,,
7/8/17 18:02,7/8/17,18:02,14.5,,,
7/8/17 19:02,7/8/17,19:02,14.5,,,
7/8/17 20:02,7/8/17,20:02,14.5,,,
7/8/17 21:02,7/8/17,21:02,14.5,,,
7/8/17 22:02,7/8/17,22:02,14.5,,,
7/8/17 23:02,7/8/17,23:02,14.5,,,
7/9/17 0:02,7/9/17,0:02,14.5,,,
7/9/17 1:02,7/9/17,1:02,14.5,,,
7/9/17 2:02,7/9/17,2:02,14.5,,,
7/9/17 3:02,7/9/17,3:02,14.5,,,
7/9/17 4:02,7/9/17,4:02,14.5,,,
7/9/17 5:02,7/9/17,5:02,14.5,,,
7/9/17 6:02,7/9/17,6:02,14.5,,,
7/9/17 7:02,7/9/17,7:02,14.5,,,
7/9/17 8:02,7/9/17,8:02,14.5,,,
7/9/17 9:02,7/9/17,9:02,14.5,,,
7/9/17 10:02,7/9/17,10:02,14.5,,,
7/9/17 11:02,7/9/17,11:02,14.5,,,
7/9/17 12:02,7/9/17,12:02,14.5,,,
7/9/17 13:02,7/9/17,13:02,14.5,,,
7/9/17 14:02,7/9/17,14:02,14.5,,,
7/9/17 15:02,7/9/17,15:02,14.5,,,
7/9/17 16:02,7/9/17,16:02,14.5,,,
7/9/17 17:02,7/9/17,17:02,14.5,,,
7/9/17 18:02,7/9/17,18:02,14.5,,,
7/9/17 19:02,7/9/17,19:02,14,,,
7/9/17 20:02,7/9/17,20:02,14,,,
7/9/17 21:02,7/9/17,21:02,14,,,
7/9/17 22:02,7/9/17,22:02,14,,,
7/9/17 23:02,7/9/17,23:02,14,,,
7/10/17 0:02,7/10/17,0:02,14,,,
7/10/17 1:02,7/10/17,1:02,14,,,
7/10/17 2:02,7/10/17,2:02,14,,,
7/10/17 3:02,7/10/17,3:02,14,,,
7/10/17 4:02,7/10/17,4:02,14,,,
7/10/17 5:02,7/10/17,5:02,14,,,
7/10/17 6:02,7/10/17,6:02,14,,,
7/10/17 7:02,7/10/17,7:02,14,,,
7/10/17 8:02,7/10/17,8:02,14,,,
7/10/17 9:02,7/10/17,9:02,14,,,
7/10/17 10:02,7/10/17,10:02,14,,,
7/10/17 11:02,7/10/17,11:02,14,,,
7/10/17 12:02,7/10/17,12:02,14,,,
7/10/17 13:02,7/10/17,13:02,14,,,
7/10/17 14:02,7/10/17,14:02,14,,,
7/10/17 15:02,7/10/17,15:02,14,,,
7/10/17 16:02,7/10/17,16:02,14,,,
7/10/17 17:02,7/10/17,17:02,14,,,
7/10/17 18:02,7/10/17,18:02,14,,,
7/10/17 19:02,7/10/17,19:02,14,,,
7/10/17 20:02,7/10/17,20:02,14,,,
7/10/17 21:02,7/10/17,21:02,14,,,
7/10/17 22:02,7/10/17,22:02,14,,,
7/10/17 23:02,7/10/17,23:02,14,,,
7/11/17 0:02,7/11/17,0:02,14,,,
7/11/17 1:02,7/11/17,1:02,14,,,
7/11/17 2:02,7/11/17,2:02,14,,,
7/11/17 3:02,7/11/17,3:02,14,,,
7/11/17 4:02,7/11/17,4:02,14,,,
7/11/17 5:02,7/11/17,5:02,14,,,
7/11/17 6:02,7/11/17,6:02,14,,,
7/11/17 7:02,7/11/17,7:02,14,,,
7/11/17 8:02,7/11/17,8:02,14,,,
7/11/17 9:02,7/11/17,9:02,14,,,
7/11/17 10:02,7/11/17,10:02,14,,,
7/11/17 11:02,7/11/17,11:02,14,,,
7/11/17 12:02,7/11/17,12:02,14,,,
7/11/17 13:02,7/11/17,13:02,14,,,
7/11/17 14:02,7/11/17,14:02,14,,,
7/11/17 15:02,7/11/17,15:02,14,,,
7/11/17 16:02,7/11/17,16:02,14,,,
7/11/17 17:02,7/11/17,17:02,14,,,
7/11/17 18:02,7/11/17,18:02,14,,,
7/11/17 19:02,7/11/17,19:02,14,,,
7/11/17 20:02,7/11/17,20:02,14,,,
7/11/17 21:02,7/11/17,21:02,14,,,
7/11/17 22:02,7/11/17,22:02,14,,,
7/11/17 23:02,7/11/17,23:02,14,,,
7/12/17 0:02,7/12/17,0:02,14,,,
7/12/17 1:02,7/12/17,1:02,14,,,
7/12/17 2:02,7/12/17,2:02,14,,,
7/12/17 3:02,7/12/17,3:02,14,,,
7/12/17 4:02,7/12/17,4:02,14,,,
7/12/17 5:02,7/12/17,5:02,14.5,,,
7/12/17 6:02,7/12/17,6:02,14.5,,,
7/12/17 7:02,7/12/17,7:02,14.5,,,
7/12/17 8:02,7/12/17,8:02,14.5,,,
7/12/17 9:02,7/12/17,9:02,14.5,,,
7/12/17 10:02,7/12/17,10:02,14.5,,,
7/12/17 11:02,7/12/17,11:02,14.5,,,
7/12/17 12:02,7/12/17,12:02,14.5,,,
7/12/17 13:02,7/12/17,13:02,14.5,,,
7/12/17 14:02,7/12/17,14:02,14.5,,,
7/12/17 15:02,7/12/17,15:02,14.5,,,
7/12/17 16:02,7/12/17,16:02,14.5,,,
7/12/17 17:02,7/12/17,17:02,14.5,,,
7/12/17 18:02,7/12/17,18:02,14.5,,,
7/12/17 19:02,7/12/17,19:02,14.5,,,
7/12/17 20:02,7/12/17,20:02,14.5,,,
7/12/17 21:02,7/12/17,21:02,14.5,,,
7/12/17 22:02,7/12/17,22:02,14.5,,,
7/12/17 23:02,7/12/17,23:02,14.5,,,
7/13/17 0:02,7/13/17,0:02,14.5,,,
7/13/17 1:02,7/13/17,1:02,14.5,,,
7/13/17 2:02,7/13/17,2:02,14.5,,,
7/13/17 3:02,7/13/17,3:02,14.5,,,
7/13/17 4:02,7/13/17,4:02,14.5,,,
7/13/17 5:02,7/13/17,5:02,14.5,,,
7/13/17 6:02,7/13/17,6:02,14.5,,,
7/13/17 7:02,7/13/17,7:02,14.5,,,
7/13/17 8:02,7/13/17,8:02,14.5,,,
7/13/17 9:02,7/13/17,9:02,14.5,,,
7/13/17 10:02,7/13/17,10:02,14.5,,,
7/13/17 11:02,7/13/17,11:02,14.5,,,
7/13/17 12:02,7/13/17,12:02,14.5,,,
7/13/17 13:02,7/13/17,13:02,14.5,,,
7/13/17 14:02,7/13/17,14:02,14.5,,,
7/13/17 15:02,7/13/17,15:02,14.5,,,
7/13/17 16:02,7/13/17,16:02,14.5,,,
7/13/17 17:02,7/13/17,17:02,14.5,,,
7/13/17 18:02,7/13/17,18:02,14.5,,,
7/13/17 19:02,7/13/17,19:02,14.5,,,
7/13/17 20:02,7/13/17,20:02,14.5,,,
7/13/17 21:02,7/13/17,21:02,14.5,,,
7/13/17 22:02,7/13/17,22:02,14.5,,,
7/13/17 23:02,7/13/17,23:02,14.5,,,
7/14/17 0:02,7/14/17,0:02,14.5,,,
7/14/17 1:02,7/14/17,1:02,14.5,,,
7/14/17 2:02,7/14/17,2:02,15,,,
7/14/17 3:02,7/14/17,3:02,15,,,
7/14/17 4:02,7/14/17,4:02,15,,,
7/14/17 5:02,7/14/17,5:02,15,,,
7/14/17 6:02,7/14/17,6:02,15,,,
7/14/17 7:02,7/14/17,7:02,15,,,
7/14/17 8:02,7/14/17,8:02,15,,,
7/14/17 9:02,7/14/17,9:02,15,,,
7/14/17 10:02,7/14/17,10:02,15,,,
7/14/17 11:02,7/14/17,11:02,15,,,
7/14/17 12:02,7/14/17,12:02,15,,,
7/14/17 13:02,7/14/17,13:02,15,,,
7/14/17 14:02,7/14/17,14:02,15,,,
7/14/17 15:02,7/14/17,15:02,15,,,
7/14/17 16:02,7/14/17,16:02,15,,,
7/14/17 17:02,7/14/17,17:02,15,,,
7/14/17 18:02,7/14/17,18:02,15,,,
7/14/17 19:02,7/14/17,19:02,15,,,
7/14/17 20:02,7/14/17,20:02,15,,,
7/14/17 21:02,7/14/17,21:02,15,,,
7/14/17 22:02,7/14/17,22:02,15,,,
7/14/17 23:02,7/14/17,23:02,15,,,
7/15/17 0:02,7/15/17,0:02,15,,,
7/15/17 1:02,7/15/17,1:02,15,,,
7/15/17 2:02,7/15/17,2:02,15,,,
7/15/17 3:02,7/15/17,3:02,15,,,
7/15/17 4:02,7/15/17,4:02,15,,,
7/15/17 5:02,7/15/17,5:02,15,,,
7/15/17 6:02,7/15/17,6:02,15,,,
7/15/17 7:02,7/15/17,7:02,15,,,
7/15/17 8:02,7/15/17,8:02,15,,,
7/15/17 9:02,7/15/17,9:02,15,,,
7/15/17 10:02,7/15/17,10:02,15,,,
7/15/17 11:02,7/15/17,11:02,15,,,
7/15/17 12:02,7/15/17,12:02,15,,,
7/15/17 13:02,7/15/17,13:02,15,,,
7/15/17 14:02,7/15/17,14:02,15,,,
7/15/17 15:02,7/15/17,15:02,15,,,
7/15/17 16:02,7/15/17,16:02,15,,,
7/15/17 17:02,7/15/17,17:02,15,,,
7/15/17 18:02,7/15/17,18:02,15,,,
7/15/17 19:02,7/15/17,19:02,15,,,
7/15/17 20:02,7/15/17,20:02,15,,,
7/15/17 21:02,7/15/17,21:02,15,,,
7/15/17 22:02,7/15/17,22:02,15,,,
7/15/17 23:02,7/15/17,23:02,15,,,
7/16/17 0:02,7/16/17,0:02,15,,,
7/16/17 1:02,7/16/17,1:02,15,,,
7/16/17 2:02,7/16/17,2:02,15,,,
7/16/17 3:02,7/16/17,3:02,15,,,
7/16/17 4:02,7/16/17,4:02,15,,,
7/16/17 5:02,7/16/17,5:02,15,,,
7/16/17 6:02,7/16/17,6:02,15,,,
7/16/17 7:02,7/16/17,7:02,15,,,
7/16/17 8:02,7/16/17,8:02,15,,,
7/16/17 9:02,7/16/17,9:02,15,,,
7/16/17 10:02,7/16/17,10:02,15,,,
7/16/17 11:02,7/16/17,11:02,15,,,
7/16/17 12:02,7/16/17,12:02,15,,,
7/16/17 13:02,7/16/17,13:02,15,,,
7/16/17 14:02,7/16/17,14:02,15,,,
7/16/17 15:02,7/16/17,15:02,15,,,
7/16/17 16:02,7/16/17,16:02,15,,,
7/16/17 17:02,7/16/17,17:02,15,,,
7/16/17 18:02,7/16/17,18:02,15,,,
7/16/17 19:02,7/16/17,19:02,15,,,
7/16/17 20:02,7/16/17,20:02,15,,,
7/16/17 21:02,7/16/17,21:02,15,,,
7/16/17 22:02,7/16/17,22:02,15,,,
7/16/17 23:02,7/16/17,23:02,15,,,
7/17/17 0:02,7/17/17,0:02,15,,,
7/17/17 1:02,7/17/17,1:02,15,,,
7/17/17 2:02,7/17/17,2:02,15,,,
7/17/17 3:02,7/17/17,3:02,15,,,
7/17/17 4:02,7/17/17,4:02,15,,,
7/17/17 5:02,7/17/17,5:02,15,,,
7/17/17 6:02,7/17/17,6:02,15,,,
7/17/17 7:02,7/17/17,7:02,15,,,
7/17/17 8:02,7/17/17,8:02,15,,,
7/17/17 9:02,7/17/17,9:02,15,,,
7/17/17 10:02,7/17/17,10:02,15,,,
7/17/17 11:02,7/17/17,11:02,15,,,
7/17/17 12:02,7/17/17,12:02,15,,,
7/17/17 13:02,7/17/17,13:02,15,,,
7/17/17 14:02,7/17/17,14:02,15,,,
7/17/17 15:02,7/17/17,15:02,15,,,
7/17/17 16:02,7/17/17,16:02,15,,,
7/17/17 17:02,7/17/17,17:02,15,,,
7/17/17 18:02,7/17/17,18:02,15,,,
7/17/17 19:02,7/17/17,19:02,15,,,
7/17/17 20:02,7/17/17,20:02,15,,,
7/17/17 21:02,7/17/17,21:02,15,,,
7/17/17 22:02,7/17/17,22:02,15,,,
7/17/17 23:02,7/17/17,23:02,15,,,
7/18/17 0:02,7/18/17,0:02,15,,,
7/18/17 1:02,7/18/17,1:02,15,,,
7/18/17 2:02,7/18/17,2:02,15,,,
7/18/17 3:02,7/18/17,3:02,15,,,
7/18/17 4:02,7/18/17,4:02,15,,,
7/18/17 5:02,7/18/17,5:02,15,,,
7/18/17 6:02,7/18/17,6:02,15,,,
7/18/17 7:02,7/18/17,7:02,15,,,
7/18/17 8:02,7/18/17,8:02,15,,,
7/18/17 9:02,7/18/17,9:02,15,,,
7/18/17 10:02,7/18/17,10:02,15,,,
7/18/17 11:02,7/18/17,11:02,15,,,
7/18/17 12:02,7/18/17,12:02,15,,,
7/18/17 13:02,7/18/17,13:02,15,,,
7/18/17 14:02,7/18/17,14:02,15,,,
7/18/17 15:02,7/18/17,15:02,15,,,
7/18/17 16:02,7/18/17,16:02,15,,,
7/18/17 17:02,7/18/17,17:02,15,,,
7/18/17 18:02,7/18/17,18:02,15,,,
7/18/17 19:02,7/18/17,19:02,15,,,
7/18/17 20:02,7/18/17,20:02,15,,,
7/18/17 21:02,7/18/17,21:02,15,,,
7/18/17 22:02,7/18/17,22:02,15,,,
7/18/17 23:02,7/18/17,23:02,15,,,
7/19/17 0:02,7/19/17,0:02,15,,,
7/19/17 1:02,7/19/17,1:02,15,,,
7/19/17 2:02,7/19/17,2:02,15,,,
7/19/17 3:02,7/19/17,3:02,15,,,
7/19/17 4:02,7/19/17,4:02,15,,,
7/19/17 5:02,7/19/17,5:02,15,,,
7/19/17 6:02,7/19/17,6:02,15,,,
7/19/17 7:02,7/19/17,7:02,15,,,
7/19/17 8:02,7/19/17,8:02,15,,,
7/19/17 9:02,7/19/17,9:02,15,,,
7/19/17 10:02,7/19/17,10:02,15,,,
7/19/17 11:02,7/19/17,11:02,15,,,
7/19/17 12:02,7/19/17,12:02,15,,,
7/19/17 13:02,7/19/17,13:02,15,,,
7/19/17 14:02,7/19/17,14:02,15,,,
7/19/17 15:02,7/19/17,15:02,15,,,
7/19/17 16:02,7/19/17,16:02,15,,,
7/19/17 17:02,7/19/17,17:02,15,,,
7/19/17 18:02,7/19/17,18:02,15,,,
7/19/17 19:02,7/19/17,19:02,15,,,
7/19/17 20:02,7/19/17,20:02,15,,,
7/19/17 21:02,7/19/17,21:02,15,,,
7/19/17 22:02,7/19/17,22:02,15,,,
7/19/17 23:02,7/19/17,23:02,15,,,
7/20/17 0:02,7/20/17,0:02,15,,,
7/20/17 1:02,7/20/17,1:02,15,,,
7/20/17 2:02,7/20/17,2:02,15,,,
7/20/17 3:02,7/20/17,3:02,15,,,
7/20/17 4:02,7/20/17,4:02,15.5,,,
7/20/17 5:02,7/20/17,5:02,15.5,,,
7/20/17 6:02,7/20/17,6:02,15.5,,,
7/20/17 7:02,7/20/17,7:02,15.5,,,
7/20/17 8:02,7/20/17,8:02,15.5,,,
7/20/17 9:02,7/20/17,9:02,15.5,,,
7/20/17 10:02,7/20/17,10:02,15.5,,,
7/20/17 11:02,7/20/17,11:02,15.5,,,
7/20/17 12:02,7/20/17,12:02,15.5,,,
7/20/17 13:02,7/20/17,13:02,15.5,,,
7/20/17 14:02,7/20/17,14:02,15.5,,,
7/20/17 15:02,7/20/17,15:02,15.5,,,
7/20/17 16:02,7/20/17,16:02,15.5,,,
7/20/17 17:02,7/20/17,17:02,15.5,,,
7/20/17 18:02,7/20/17,18:02,15.5,,,
7/20/17 19:02,7/20/17,19:02,15.5,,,
7/20/17 20:02,7/20/17,20:02,15.5,,,
7/20/17 21:02,7/20/17,21:02,15.5,,,
7/20/17 22:02,7/20/17,22:02,15.5,,,
7/20/17 23:02,7/20/17,23:02,15.5,,,
7/21/17 0:02,7/21/17,0:02,15.5,,,
7/21/17 1:02,7/21/17,1:02,15.5,,,
7/21/17 2:02,7/21/17,2:02,15.5,,,
7/21/17 3:02,7/21/17,3:02,15.5,,,
7/21/17 4:02,7/21/17,4:02,15.5,,,
7/21/17 5:02,7/21/17,5:02,15.5,,,
7/21/17 6:02,7/21/17,6:02,15.5,,,
7/21/17 7:02,7/21/17,7:02,15.5,,,
7/21/17 8:02,7/21/17,8:02,15.5,,,
7/21/17 9:02,7/21/17,9:02,15.5,,,
7/21/17 10:02,7/21/17,10:02,15.5,,,
7/21/17 11:02,7/21/17,11:02,15.5,,,
7/21/17 12:02,7/21/17,12:02,15.5,,,
7/21/17 13:02,7/21/17,13:02,15.5,,,
7/21/17 14:02,7/21/17,14:02,15.5,,,
7/21/17 15:02,7/21/17,15:02,15.5,,,
7/21/17 16:02,7/21/17,16:02,15.5,,,
7/21/17 17:02,7/21/17,17:02,15.5,,,
7/21/17 18:02,7/21/17,18:02,15.5,,,
7/21/17 19:02,7/21/17,19:02,15.5,,,
7/21/17 20:02,7/21/17,20:02,15.5,,,
7/21/17 21:02,7/21/17,21:02,15.5,,,
7/21/17 22:02,7/21/17,22:02,15.5,,,
7/21/17 23:02,7/21/17,23:02,15.5,,,
7/22/17 0:02,7/22/17,0:02,15.5,,,
7/22/17 1:02,7/22/17,1:02,15.5,,,
7/22/17 2:02,7/22/17,2:02,15.5,,,
7/22/17 3:02,7/22/17,3:02,15.5,,,
7/22/17 4:02,7/22/17,4:02,15.5,,,
7/22/17 5:02,7/22/17,5:02,15.5,,,
7/22/17 6:02,7/22/17,6:02,15.5,,,
7/22/17 7:02,7/22/17,7:02,15.5,,,
7/22/17 8:02,7/22/17,8:02,15.5,,,
7/22/17 9:02,7/22/17,9:02,15.5,,,
7/22/17 10:02,7/22/17,10:02,15.5,,,
7/22/17 11:02,7/22/17,11:02,15.5,,,
7/22/17 12:02,7/22/17,12:02,15.5,,,
7/22/17 13:02,7/22/17,13:02,15.5,,,
7/22/17 14:02,7/22/17,14:02,15.5,,,
7/22/17 15:02,7/22/17,15:02,15.5,,,
7/22/17 16:02,7/22/17,16:02,15.5,,,
7/22/17 17:02,7/22/17,17:02,15.5,,,
7/22/17 18:02,7/22/17,18:02,15.5,,,
7/22/17 19:02,7/22/17,19:02,15.5,,,
7/22/17 20:02,7/22/17,20:02,15.5,,,
7/22/17 21:02,7/22/17,21:02,16,,,
7/22/17 22:02,7/22/17,22:02,16,,,
7/22/17 23:02,7/22/17,23:02,16,,,
7/23/17 0:02,7/23/17,0:02,16,,,
7/23/17 1:02,7/23/17,1:02,16,,,
7/23/17 2:02,7/23/17,2:02,16,,,
7/23/17 3:02,7/23/17,3:02,16,,,
7/23/17 4:02,7/23/17,4:02,16,,,
7/23/17 5:02,7/23/17,5:02,16,,,
7/23/17 6:02,7/23/17,6:02,16,,,
7/23/17 7:02,7/23/17,7:02,16,,,
7/23/17 8:02,7/23/17,8:02,16,,,
7/23/17 9:02,7/23/17,9:02,16,,,
7/23/17 10:02,7/23/17,10:02,16,,,
7/23/17 11:02,7/23/17,11:02,16,,,
7/23/17 12:02,7/23/17,12:02,16,,,
7/23/17 13:02,7/23/17,13:02,16,,,
7/23/17 14:02,7/23/17,14:02,16,,,
7/23/17 15:02,7/23/17,15:02,16,,,
7/23/17 16:02,7/23/17,16:02,16,,,
7/23/17 17:02,7/23/17,17:02,16,,,
7/23/17 18:02,7/23/17,18:02,16,,,
7/23/17 19:02,7/23/17,19:02,16,,,
7/23/17 20:02,7/23/17,20:02,16,,,
7/23/17 21:02,7/23/17,21:02,16,,,
7/23/17 22:02,7/23/17,22:02,16,,,
7/23/17 23:02,7/23/17,23:02,16,,,
7/24/17 0:02,7/24/17,0:02,16,,,
7/24/17 1:02,7/24/17,1:02,16,,,
7/24/17 2:02,7/24/17,2:02,16,,,
7/24/17 3:02,7/24/17,3:02,16,,,
7/24/17 4:02,7/24/17,4:02,16,,,
7/24/17 5:02,7/24/17,5:02,16,,,
7/24/17 6:02,7/24/17,6:02,16,,,
7/24/17 7:02,7/24/17,7:02,16,,,
7/24/17 8:02,7/24/17,8:02,16,,,
7/24/17 9:02,7/24/17,9:02,16,,,
7/24/17 10:02,7/24/17,10:02,16,,,
7/24/17 11:02,7/24/17,11:02,16,,,
7/24/17 12:02,7/24/17,12:02,16,,,
7/24/17 13:02,7/24/17,13:02,16,,,
7/24/17 14:02,7/24/17,14:02,16,,,
7/24/17 15:02,7/24/17,15:02,16,,,
7/24/17 16:02,7/24/17,16:02,16,,,
7/24/17 17:02,7/24/17,17:02,16,,,
7/24/17 18:02,7/24/17,18:02,16,,,
7/24/17 19:02,7/24/17,19:02,16,,,
7/24/17 20:02,7/24/17,20:02,16,,,
7/24/17 21:02,7/24/17,21:02,16,,,
7/24/17 22:02,7/24/17,22:02,16,,,
7/24/17 23:02,7/24/17,23:02,16,,,
7/25/17 0:02,7/25/17,0:02,16,,,
7/25/17 1:02,7/25/17,1:02,16,,,
7/25/17 2:02,7/25/17,2:02,16,,,
7/25/17 3:02,7/25/17,3:02,16,,,
7/25/17 4:02,7/25/17,4:02,16,,,
7/25/17 5:02,7/25/17,5:02,16,,,
7/25/17 6:02,7/25/17,6:02,16,,,
7/25/17 7:02,7/25/17,7:02,16,,,
7/25/17 8:02,7/25/17,8:02,16,,,
7/25/17 9:02,7/25/17,9:02,16,,,
7/25/17 10:02,7/25/17,10:02,16,,,
7/25/17 11:02,7/25/17,11:02,16,,,
7/25/17 12:02,7/25/17,12:02,16,,,
7/25/17 13:02,7/25/17,13:02,16,,,
7/25/17 14:02,7/25/17,14:02,16,,,
7/25/17 15:02,7/25/17,15:02,16,,,
7/25/17 16:02,7/25/17,16:02,16,,,
7/25/17 17:02,7/25/17,17:02,16,,,
7/25/17 18:02,7/25/17,18:02,16,,,
7/25/17 19:02,7/25/17,19:02,16,,,
7/25/17 20:02,7/25/17,20:02,16,,,
7/25/17 21:02,7/25/17,21:02,16,,,
7/25/17 22:02,7/25/17,22:02,16,,,
7/25/17 23:02,7/25/17,23:02,16,,,
7/26/17 0:02,7/26/17,0:02,16,,,
7/26/17 1:02,7/26/17,1:02,16,,,
7/26/17 2:02,7/26/17,2:02,16,,,
7/26/17 3:02,7/26/17,3:02,16,,,
7/26/17 4:02,7/26/17,4:02,15.5,,,
7/26/17 5:02,7/26/17,5:02,15.5,,,
7/26/17 6:02,7/26/17,6:02,15.5,,,
7/26/17 7:02,7/26/17,7:02,15.5,,,
7/26/17 8:02,7/26/17,8:02,15.5,,,
7/26/17 9:02,7/26/17,9:02,15.5,,,
7/26/17 10:02,7/26/17,10:02,15.5,,,
7/26/17 11:02,7/26/17,11:02,15.5,,,
7/26/17 12:02,7/26/17,12:02,15.5,,,
7/26/17 13:02,7/26/17,13:02,15.5,,,
7/26/17 14:02,7/26/17,14:02,15.5,,,
7/26/17 15:02,7/26/17,15:02,15.5,,,
7/26/17 16:02,7/26/17,16:02,15.5,,,
7/26/17 17:02,7/26/17,17:02,15.5,,,
7/26/17 18:02,7/26/17,18:02,15.5,,,
7/26/17 19:02,7/26/17,19:02,15.5,,,
7/26/17 20:02,7/26/17,20:02,15.5,,,
7/26/17 21:02,7/26/17,21:02,15.5,,,
7/26/17 22:02,7/26/17,22:02,15.5,,,
7/26/17 23:02,7/26/17,23:02,15.5,,,
7/27/17 0:02,7/27/17,0:02,15.5,,,
7/27/17 1:02,7/27/17,1:02,15.5,,,
7/27/17 2:02,7/27/17,2:02,15.5,,,
7/27/17 3:02,7/27/17,3:02,15.5,,,
7/27/17 4:02,7/27/17,4:02,15.5,,,
7/27/17 5:02,7/27/17,5:02,15.5,,,
7/27/17 6:02,7/27/17,6:02,15.5,,,
7/27/17 7:02,7/27/17,7:02,15.5,,,
7/27/17 8:02,7/27/17,8:02,15.5,,,
7/27/17 9:02,7/27/17,9:02,15.5,,,
7/27/17 10:02,7/27/17,10:02,15.5,,,
7/27/17 11:02,7/27/17,11:02,15.5,,,
7/27/17 12:02,7/27/17,12:02,15.5,,,
7/27/17 13:02,7/27/17,13:02,15.5,,,
7/27/17 14:02,7/27/17,14:02,15.5,,,
7/27/17 15:02,7/27/17,15:02,15.5,,,
7/27/17 16:02,7/27/17,16:02,15.5,,,
7/27/17 17:02,7/27/17,17:02,15.5,,,
7/27/17 18:02,7/27/17,18:02,15.5,,,
7/27/17 19:02,7/27/17,19:02,15.5,,,
7/27/17 20:02,7/27/17,20:02,15.5,,,
7/27/17 21:02,7/27/17,21:02,15.5,,,
7/27/17 22:02,7/27/17,22:02,15.5,,,
7/27/17 23:02,7/27/17,23:02,15.5,,,
7/28/17 0:02,7/28/17,0:02,15.5,,,
7/28/17 1:02,7/28/17,1:02,15.5,,,
7/28/17 2:02,7/28/17,2:02,15.5,,,
7/28/17 3:02,7/28/17,3:02,15.5,,,
7/28/17 4:02,7/28/17,4:02,15.5,,,
7/28/17 5:02,7/28/17,5:02,15.5,,,
7/28/17 6:02,7/28/17,6:02,15.5,,,
7/28/17 7:02,7/28/17,7:02,15.5,,,
7/28/17 8:02,7/28/17,8:02,15.5,,,
7/28/17 9:02,7/28/17,9:02,15.5,,,
7/28/17 10:02,7/28/17,10:02,15.5,,,
7/28/17 11:02,7/28/17,11:02,15.5,,,
7/28/17 12:02,7/28/17,12:02,15.5,,,
7/28/17 13:02,7/28/17,13:02,15.5,,,
7/28/17 14:02,7/28/17,14:02,15.5,,,
7/28/17 15:02,7/28/17,15:02,15.5,,,
7/28/17 16:02,7/28/17,16:02,15.5,,,
7/28/17 17:02,7/28/17,17:02,15.5,,,
7/28/17 18:02,7/28/17,18:02,15.5,,,
7/28/17 19:02,7/28/17,19:02,15.5,,,
7/28/17 20:02,7/28/17,20:02,15.5,,,
7/28/17 21:02,7/28/17,21:02,15.5,,,
7/28/17 22:02,7/28/17,22:02,15.5,,,
7/28/17 23:02,7/28/17,23:02,15.5,,,
7/29/17 0:02,7/29/17,0:02,15.5,,,
7/29/17 1:02,7/29/17,1:02,15.5,,,
7/29/17 2:02,7/29/17,2:02,15.5,,,
7/29/17 3:02,7/29/17,3:02,15.5,,,
7/29/17 4:02,7/29/17,4:02,15.5,,,
7/29/17 5:02,7/29/17,5:02,15.5,,,
7/29/17 6:02,7/29/17,6:02,15.5,,,
7/29/17 7:02,7/29/17,7:02,15.5,,,
7/29/17 8:02,7/29/17,8:02,15.5,,,
7/29/17 9:02,7/29/17,9:02,15.5,,,
7/29/17 10:02,7/29/17,10:02,15.5,,,
7/29/17 11:02,7/29/17,11:02,15.5,,,
7/29/17 12:02,7/29/17,12:02,15.5,,,
7/29/17 13:02,7/29/17,13:02,15.5,,,
7/29/17 14:02,7/29/17,14:02,15.5,,,
7/29/17 15:02,7/29/17,15:02,15.5,,,
7/29/17 16:02,7/29/17,16:02,15.5,,,
7/29/17 17:02,7/29/17,17:02,15.5,,,
7/29/17 18:02,7/29/17,18:02,15.5,,,
7/29/17 19:02,7/29/17,19:02,15.5,,,
7/29/17 20:02,7/29/17,20:02,15.5,,,
7/29/17 21:02,7/29/17,21:02,15.5,,,
7/29/17 22:02,7/29/17,22:02,15.5,,,
7/29/17 23:02,7/29/17,23:02,15.5,,,
7/30/17 0:02,7/30/17,0:02,15.5,,,
7/30/17 1:02,7/30/17,1:02,15.5,,,
7/30/17 2:02,7/30/17,2:02,15.5,,,
7/30/17 3:02,7/30/17,3:02,15.5,,,
7/30/17 4:02,7/30/17,4:02,15.5,,,
7/30/17 5:02,7/30/17,5:02,15.5,,,
7/30/17 6:02,7/30/17,6:02,15.5,,,
7/30/17 7:02,7/30/17,7:02,15.5,,,
7/30/17 8:02,7/30/17,8:02,15.5,,,
7/30/17 9:02,7/30/17,9:02,15,,,
7/30/17 10:02,7/30/17,10:02,15.5,,,
7/30/17 11:02,7/30/17,11:02,15,,,
7/30/17 12:02,7/30/17,12:02,15,,,
7/30/17 13:02,7/30/17,13:02,15,,,
7/30/17 14:02,7/30/17,14:02,15,,,
7/30/17 15:02,7/30/17,15:02,15,,,
7/30/17 16:02,7/30/17,16:02,15,,,
7/30/17 17:02,7/30/17,17:02,15,,,
7/30/17 18:02,7/30/17,18:02,15,,,
7/30/17 19:02,7/30/17,19:02,15,,,
7/30/17 20:02,7/30/17,20:02,15,,,
7/30/17 21:02,7/30/17,21:02,15,,,
7/30/17 22:02,7/30/17,22:02,15,,,
7/30/17 23:02,7/30/17,23:02,15,,,
7/31/17 0:02,7/31/17,0:02,15,,,
7/31/17 1:02,7/31/17,1:02,15,,,
7/31/17 2:02,7/31/17,2:02,15,,,
7/31/17 3:02,7/31/17,3:02,15,,,
7/31/17 4:02,7/31/17,4:02,15,,,
7/31/17 5:02,7/31/17,5:02,15,,,
7/31/17 6:02,7/31/17,6:02,15,,,
7/31/17 7:02,7/31/17,7:02,15,,,
7/31/17 8:02,7/31/17,8:02,15,,,
7/31/17 9:02,7/31/17,9:02,15,,,
7/31/17 10:02,7/31/17,10:02,15,,,
7/31/17 11:02,7/31/17,11:02,15,,,
7/31/17 12:02,7/31/17,12:02,15,,,
7/31/17 13:02,7/31/17,13:02,15,,,
7/31/17 14:02,7/31/17,14:02,15,,,
7/31/17 15:02,7/31/17,15:02,15,,,
7/31/17 16:02,7/31/17,16:02,15,,,
7/31/17 17:02,7/31/17,17:02,15,,,
7/31/17 18:02,7/31/17,18:02,15,,,
7/31/17 19:02,7/31/17,19:02,15,,,
7/31/17 20:02,7/31/17,20:02,15,,,
7/31/17 21:02,7/31/17,21:02,15,,,
7/31/17 22:02,7/31/17,22:02,15,,,
7/31/17 23:02,7/31/17,23:02,15,,,
8/1/17 0:02,8/1/17,0:02,15,,,
8/1/17 1:02,8/1/17,1:02,15,,,
8/1/17 2:02,8/1/17,2:02,15,,,
8/1/17 3:02,8/1/17,3:02,15,,,
8/1/17 4:02,8/1/17,4:02,15,,,
8/1/17 5:02,8/1/17,5:02,15,,,
8/1/17 6:02,8/1/17,6:02,15,,,
8/1/17 7:02,8/1/17,7:02,15,,,
8/1/17 8:02,8/1/17,8:02,15,,,
8/1/17 9:02,8/1/17,9:02,15,,,
8/1/17 10:02,8/1/17,10:02,15,,,
8/1/17 11:02,8/1/17,11:02,15,,,
8/1/17 12:02,8/1/17,12:02,15,,,
8/1/17 13:02,8/1/17,13:02,15,,,
8/1/17 14:02,8/1/17,14:02,15,,,
8/1/17 15:02,8/1/17,15:02,15,,,
8/1/17 16:02,8/1/17,16:02,15,,,
8/1/17 17:02,8/1/17,17:02,15,,,
8/1/17 18:02,8/1/17,18:02,15,,,
8/1/17 19:02,8/1/17,19:02,15,,,
8/1/17 20:02,8/1/17,20:02,15,,,
8/1/17 21:02,8/1/17,21:02,15,,,
8/1/17 22:02,8/1/17,22:02,15,,,
8/1/17 23:02,8/1/17,23:02,15,,,
8/2/17 0:02,8/2/17,0:02,15,,,
8/2/17 1:02,8/2/17,1:02,15,,,
8/2/17 2:02,8/2/17,2:02,15,,,
8/2/17 3:02,8/2/17,3:02,15,,,
8/2/17 4:02,8/2/17,4:02,15,,,
8/2/17 5:02,8/2/17,5:02,15,,,
8/2/17 6:02,8/2/17,6:02,15,,,
8/2/17 7:02,8/2/17,7:02,15,,,
8/2/17 8:02,8/2/17,8:02,15,,,
8/2/17 9:02,8/2/17,9:02,15,,,
8/2/17 10:02,8/2/17,10:02,15,,,
8/2/17 11:02,8/2/17,11:02,15,,,
8/2/17 12:02,8/2/17,12:02,15,,,
8/2/17 13:02,8/2/17,13:02,15,,,
8/2/17 14:02,8/2/17,14:02,15,,,
8/2/17 15:02,8/2/17,15:02,15,,,
8/2/17 16:02,8/2/17,16:02,15,,,
8/2/17 17:02,8/2/17,17:02,15,,,
8/2/17 18:02,8/2/17,18:02,15,,,
8/2/17 19:02,8/2/17,19:02,15,,,
8/2/17 20:02,8/2/17,20:02,15,,,
8/2/17 21:02,8/2/17,21:02,15,,,
8/2/17 22:02,8/2/17,22:02,15,,,
8/2/17 23:02,8/2/17,23:02,15,,,
8/3/17 0:02,8/3/17,0:02,15,,,
8/3/17 1:02,8/3/17,1:02,15,,,
8/3/17 2:02,8/3/17,2:02,15,,,
8/3/17 3:02,8/3/17,3:02,15,,,
8/3/17 4:02,8/3/17,4:02,15,,,
8/3/17 5:02,8/3/17,5:02,15,,,
8/3/17 6:02,8/3/17,6:02,15,,,
8/3/17 7:02,8/3/17,7:02,15,,,
8/3/17 8:02,8/3/17,8:02,15,,,
8/3/17 9:02,8/3/17,9:02,15,,,
8/3/17 10:02,8/3/17,10:02,15,,,
8/3/17 11:02,8/3/17,11:02,15,,,
8/3/17 12:02,8/3/17,12:02,15,,,
8/3/17 13:02,8/3/17,13:02,15,,,
8/3/17 14:02,8/3/17,14:02,15,,,
8/3/17 15:02,8/3/17,15:02,15,,,
8/3/17 16:02,8/3/17,16:02,15,,,
8/3/17 17:02,8/3/17,17:02,15,,,
8/3/17 18:02,8/3/17,18:02,15,,,
8/3/17 19:02,8/3/17,19:02,15,,,
8/3/17 20:02,8/3/17,20:02,15,,,
8/3/17 21:02,8/3/17,21:02,15,,,
8/3/17 22:02,8/3/17,22:02,15,,,
8/3/17 23:02,8/3/17,23:02,15,,,
8/4/17 0:02,8/4/17,0:02,15,,,
8/4/17 1:02,8/4/17,1:02,15,,,
8/4/17 2:02,8/4/17,2:02,15,,,
8/4/17 3:02,8/4/17,3:02,15,,,
8/4/17 4:02,8/4/17,4:02,15,,,
8/4/17 5:02,8/4/17,5:02,15,,,
8/4/17 6:02,8/4/17,6:02,15,,,
8/4/17 7:02,8/4/17,7:02,15,,,
8/4/17 8:02,8/4/17,8:02,15,,,
8/4/17 9:02,8/4/17,9:02,15,,,
8/4/17 10:02,8/4/17,10:02,15,,,
8/4/17 11:02,8/4/17,11:02,15,,,
8/4/17 12:02,8/4/17,12:02,15,,,
8/4/17 13:02,8/4/17,13:02,15,,,
8/4/17 14:02,8/4/17,14:02,15,,,
8/4/17 15:02,8/4/17,15:02,15,,,
8/4/17 16:02,8/4/17,16:02,15,,,
8/4/17 17:02,8/4/17,17:02,15,,,
8/4/17 18:02,8/4/17,18:02,15,,,
8/4/17 19:02,8/4/17,19:02,15,,,
8/4/17 20:02,8/4/17,20:02,15,,,
8/4/17 21:02,8/4/17,21:02,15,,,
8/4/17 22:02,8/4/17,22:02,15,,,
8/4/17 23:02,8/4/17,23:02,15,,,
8/5/17 0:02,8/5/17,0:02,15,,,
8/5/17 1:02,8/5/17,1:02,15,,,
8/5/17 2:02,8/5/17,2:02,15,,,
8/5/17 3:02,8/5/17,3:02,15,,,
8/5/17 4:02,8/5/17,4:02,15,,,
8/5/17 5:02,8/5/17,5:02,15,,,
8/5/17 6:02,8/5/17,6:02,15,,,
8/5/17 7:02,8/5/17,7:02,15,,,
8/5/17 8:02,8/5/17,8:02,15,,,
8/5/17 9:02,8/5/17,9:02,15,,,
8/5/17 10:02,8/5/17,10:02,15,,,
8/5/17 11:02,8/5/17,11:02,15,,,
8/5/17 12:02,8/5/17,12:02,15,,,
8/5/17 13:02,8/5/17,13:02,15,,,
8/5/17 14:02,8/5/17,14:02,15,,,
8/5/17 15:02,8/5/17,15:02,15,,,
8/5/17 16:02,8/5/17,16:02,15,,,
8/5/17 17:02,8/5/17,17:02,15,,,
8/5/17 18:02,8/5/17,18:02,15,,,
8/5/17 19:02,8/5/17,19:02,15,,,
8/5/17 20:02,8/5/17,20:02,15,,,
8/5/17 21:02,8/5/17,21:02,15,,,
8/5/17 22:02,8/5/17,22:02,15,,,
8/5/17 23:02,8/5/17,23:02,15,,,
8/6/17 0:02,8/6/17,0:02,15,,,
8/6/17 1:02,8/6/17,1:02,15,,,
8/6/17 2:02,8/6/17,2:02,15,,,
8/6/17 3:02,8/6/17,3:02,15,,,
8/6/17 4:02,8/6/17,4:02,15,,,
8/6/17 5:02,8/6/17,5:02,15,,,
8/6/17 6:02,8/6/17,6:02,15,,,
8/6/17 7:02,8/6/17,7:02,15,,,
8/6/17 8:02,8/6/17,8:02,15,,,
8/6/17 9:02,8/6/17,9:02,15,,,
8/6/17 10:02,8/6/17,10:02,15,,,
8/6/17 11:02,8/6/17,11:02,15,,,
8/6/17 12:02,8/6/17,12:02,15,,,
8/6/17 13:02,8/6/17,13:02,15,,,
8/6/17 14:02,8/6/17,14:02,15,,,
8/6/17 15:02,8/6/17,15:02,15,,,
8/6/17 16:02,8/6/17,16:02,15,,,
8/6/17 17:02,8/6/17,17:02,15,,,
8/6/17 18:02,8/6/17,18:02,15,,,
8/6/17 19:02,8/6/17,19:02,15,,,
8/6/17 20:02,8/6/17,20:02,15,,,
8/6/17 21:02,8/6/17,21:02,15,,,
8/6/17 22:02,8/6/17,22:02,15,,,
8/6/17 23:02,8/6/17,23:02,15,,,
8/7/17 0:02,8/7/17,0:02,15,,,
8/7/17 1:02,8/7/17,1:02,15,,,
8/7/17 2:02,8/7/17,2:02,15,,,
8/7/17 3:02,8/7/17,3:02,15,,,
8/7/17 4:02,8/7/17,4:02,15,,,
8/7/17 5:02,8/7/17,5:02,15,,,
8/7/17 6:02,8/7/17,6:02,15,,,
8/7/17 7:02,8/7/17,7:02,15,,,
8/7/17 8:02,8/7/17,8:02,15,,,
8/7/17 9:02,8/7/17,9:02,15,,,
8/7/17 10:02,8/7/17,10:02,15,,,
8/7/17 11:02,8/7/17,11:02,15,,,
8/7/17 12:02,8/7/17,12:02,15,,,
8/7/17 13:02,8/7/17,13:02,15,,,
8/7/17 14:02,8/7/17,14:02,15,,,
8/7/17 15:02,8/7/17,15:02,15,,,
8/7/17 16:02,8/7/17,16:02,15,,,
8/7/17 17:02,8/7/17,17:02,15,,,
8/7/17 18:02,8/7/17,18:02,15,,,
8/7/17 19:02,8/7/17,19:02,15,,,
8/7/17 20:02,8/7/17,20:02,15,,,
8/7/17 21:02,8/7/17,21:02,15,,,
8/7/17 22:02,8/7/17,22:02,15,,,
8/7/17 23:02,8/7/17,23:02,15,,,
8/8/17 0:02,8/8/17,0:02,15,,,
8/8/17 1:02,8/8/17,1:02,15,,,
8/8/17 2:02,8/8/17,2:02,15,,,
8/8/17 3:02,8/8/17,3:02,15,,,
8/8/17 4:02,8/8/17,4:02,15,,,
8/8/17 5:02,8/8/17,5:02,15,,,
8/8/17 6:02,8/8/17,6:02,15,,,
8/8/17 7:02,8/8/17,7:02,15,,,
8/8/17 8:02,8/8/17,8:02,15,,,
8/8/17 9:02,8/8/17,9:02,15,,,
8/8/17 10:02,8/8/17,10:02,15,,,
8/8/17 11:02,8/8/17,11:02,15,,,
8/8/17 12:02,8/8/17,12:02,15,,,
8/8/17 13:02,8/8/17,13:02,15,,,
8/8/17 14:02,8/8/17,14:02,15,,,
8/8/17 15:02,8/8/17,15:02,15,,,
8/8/17 16:02,8/8/17,16:02,15,,,
8/8/17 17:02,8/8/17,17:02,15,,,
8/8/17 18:02,8/8/17,18:02,15,,,
8/8/17 19:02,8/8/17,19:02,15,,,
8/8/17 20:02,8/8/17,20:02,15,,,
8/8/17 21:02,8/8/17,21:02,15,,,
8/8/17 22:02,8/8/17,22:02,15,,,
8/8/17 23:02,8/8/17,23:02,15,,,
8/9/17 0:02,8/9/17,0:02,15,,,
8/9/17 1:02,8/9/17,1:02,15,,,
8/9/17 2:02,8/9/17,2:02,15,,,
8/9/17 3:02,8/9/17,3:02,15,,,
8/9/17 4:02,8/9/17,4:02,15,,,
8/9/17 5:02,8/9/17,5:02,15,,,
8/9/17 6:02,8/9/17,6:02,15,,,
8/9/17 7:02,8/9/17,7:02,15,,,
8/9/17 8:02,8/9/17,8:02,15,,,
8/9/17 9:02,8/9/17,9:02,14.5,,,
8/9/17 10:02,8/9/17,10:02,14.5,,,
8/9/17 11:02,8/9/17,11:02,14.5,,,
8/9/17 12:02,8/9/17,12:02,14.5,,,
8/9/17 13:02,8/9/17,13:02,14.5,,,
8/9/17 14:02,8/9/17,14:02,14.5,,,
8/9/17 15:02,8/9/17,15:02,14.5,,,
8/9/17 16:02,8/9/17,16:02,14.5,,,
8/9/17 17:02,8/9/17,17:02,14.5,,,
8/9/17 18:02,8/9/17,18:02,14.5,,,
8/9/17 19:02,8/9/17,19:02,14.5,,,
8/9/17 20:02,8/9/17,20:02,14.5,,,
