,Date,Time,Temp C,,Site6-0
1,5/16/17,13:02:00,32.5,,
2,5/16/17,14:02:00,31,,
3,5/16/17,15:02:00,24.5,,
4,5/16/17,16:02:00,26,,
5,5/16/17,17:02:00,24.5,,
6,5/16/17,18:02:00,23.5,,
7,5/16/17,19:02:00,21,,
8,5/16/17,20:02:00,19,,
9,5/16/17,21:02:00,16,,
10,5/16/17,22:02:00,13.5,,
11,5/16/17,23:02:00,12,,
12,5/17/17,0:02:00,11,,
13,5/17/17,1:02:00,10,,
14,5/17/17,2:02:00,9.5,,
15,5/17/17,3:02:00,9,,
16,5/17/17,4:02:00,9.5,,
17,5/17/17,5:02:00,10.5,,
18,5/17/17,6:02:00,13,,
19,5/17/17,7:02:00,15,,
20,5/17/17,8:02:00,17.5,,
21,5/17/17,9:02:00,20,,
22,5/17/17,10:02:00,23,,
23,5/17/17,11:02:00,25,,
24,5/17/17,12:02:00,29,,
25,5/17/17,13:02:00,30.5,,
26,5/17/17,14:02:00,28.5,,
27,5/17/17,15:02:00,32.5,,
28,5/17/17,16:02:00,30,,
29,5/17/17,17:02:00,28,,
30,5/17/17,18:02:00,26.5,,
31,5/17/17,19:02:00,23.5,,
32,5/17/17,20:02:00,21,,
33,5/17/17,21:02:00,19,,
34,5/17/17,22:02:00,17.5,,
35,5/17/17,23:02:00,16,,
36,5/18/17,0:02:00,15,,
37,5/18/17,1:02:00,14,,
38,5/18/17,2:02:00,13.5,,
39,5/18/17,3:02:00,12.5,,
40,5/18/17,4:02:00,12,,
41,5/18/17,5:02:00,12,,
42,5/18/17,6:02:00,12,,
43,5/18/17,7:02:00,12.5,,
44,5/18/17,8:02:00,15.5,,
45,5/18/17,9:02:00,20.5,,
46,5/18/17,10:02:00,23,,
47,5/18/17,11:02:00,24,,
48,5/18/17,12:02:00,26,,
49,5/18/17,13:02:00,29,,
50,5/18/17,14:02:00,28,,
51,5/18/17,15:02:00,30,,
52,5/18/17,16:02:00,28,,
53,5/18/17,17:02:00,26.5,,
54,5/18/17,18:02:00,25,,
55,5/18/17,19:02:00,23.5,,
56,5/18/17,20:02:00,22,,
57,5/18/17,21:02:00,20,,
58,5/18/17,22:02:00,18.5,,
59,5/18/17,23:02:00,17.5,,
60,5/19/17,0:02:00,17.5,,
61,5/19/17,1:02:00,17.5,,
62,5/19/17,2:02:00,17,,
63,5/19/17,3:02:00,17,,
64,5/19/17,4:02:00,16.5,,
65,5/19/17,5:02:00,16.5,,
66,5/19/17,6:02:00,16.5,,
67,5/19/17,7:02:00,16.5,,
68,5/19/17,8:02:00,18,,
69,5/19/17,9:02:00,19.5,,
70,5/19/17,10:02:00,21.5,,
71,5/19/17,11:02:00,22,,
72,5/19/17,12:02:00,25,,
73,5/19/17,13:02:00,25.5,,
74,5/19/17,14:02:00,27,,
75,5/19/17,15:02:00,27,,
76,5/19/17,16:02:00,27,,
77,5/19/17,17:02:00,23,,
78,5/19/17,18:02:00,21,,
79,5/19/17,19:02:00,20.5,,
80,5/19/17,20:02:00,18.5,,
81,5/19/17,21:02:00,17,,
82,5/19/17,22:02:00,16,,
83,5/19/17,23:02:00,15.5,,
84,5/20/17,0:02:00,15,,
85,5/20/17,1:02:00,15,,
86,5/20/17,2:02:00,15.5,,
87,5/20/17,3:02:00,14.5,,
88,5/20/17,4:02:00,14.5,,
89,5/20/17,5:02:00,14,,
90,5/20/17,6:02:00,14.5,,
91,5/20/17,7:02:00,15,,
92,5/20/17,8:02:00,16,,
93,5/20/17,9:02:00,17,,
94,5/20/17,10:02:00,15,,
95,5/20/17,11:02:00,14.5,,
96,5/20/17,12:02:00,15,,
97,5/20/17,13:02:00,16,,
98,5/20/17,14:02:00,19.5,,
99,5/20/17,15:02:00,21,,
100,5/20/17,16:02:00,18,,
101,5/20/17,17:02:00,16.5,,
102,5/20/17,18:02:00,14.5,,
103,5/20/17,19:02:00,13.5,,
104,5/20/17,20:02:00,12,,
105,5/20/17,21:02:00,11.5,,
106,5/20/17,22:02:00,11,,
107,5/20/17,23:02:00,11,,
108,5/21/17,0:02:00,11,,
109,5/21/17,1:02:00,11,,
110,5/21/17,2:02:00,11,,
111,5/21/17,3:02:00,11,,
112,5/21/17,4:02:00,10.5,,
113,5/21/17,5:02:00,10,,
114,5/21/17,6:02:00,10,,
115,5/21/17,7:02:00,10,,
116,5/21/17,8:02:00,10.5,,
117,5/21/17,9:02:00,10.5,,
118,5/21/17,10:02:00,11,,
119,5/21/17,11:02:00,11,,
120,5/21/17,12:02:00,11.5,,
121,5/21/17,13:02:00,12.5,,
122,5/21/17,14:02:00,13,,
123,5/21/17,15:02:00,13.5,,
124,5/21/17,16:02:00,13.5,,
125,5/21/17,17:02:00,13,,
126,5/21/17,18:02:00,12.5,,
127,5/21/17,19:02:00,11,,
128,5/21/17,20:02:00,11,,
129,5/21/17,21:02:00,10.5,,
130,5/21/17,22:02:00,11,,
131,5/21/17,23:02:00,11,,
132,5/22/17,0:02:00,11.5,,
133,5/22/17,1:02:00,11.5,,
134,5/22/17,2:02:00,11.5,,
135,5/22/17,3:02:00,11,,
136,5/22/17,4:02:00,11.5,,
137,5/22/17,5:02:00,11,,
138,5/22/17,6:02:00,10.5,,
139,5/22/17,7:02:00,10.5,,
140,5/22/17,8:02:00,12.5,,
141,5/22/17,9:02:00,15,,
142,5/22/17,10:02:00,16.5,,
143,5/22/17,11:02:00,16.5,,
144,5/22/17,12:02:00,18,,
145,5/22/17,13:02:00,19,,
146,5/22/17,14:02:00,19,,
147,5/22/17,15:02:00,20,,
148,5/22/17,16:02:00,19,,
149,5/22/17,17:02:00,17.5,,
150,5/22/17,18:02:00,16.5,,
151,5/22/17,19:02:00,15,,
152,5/22/17,20:02:00,14,,
153,5/22/17,21:02:00,12,,
154,5/22/17,22:02:00,10,,
155,5/22/17,23:02:00,8.5,,
156,5/23/17,0:02:00,8,,
157,5/23/17,1:02:00,7,,
158,5/23/17,2:02:00,6.5,,
159,5/23/17,3:02:00,5.5,,
160,5/23/17,4:02:00,5.5,,
161,5/23/17,5:02:00,5.5,,
162,5/23/17,6:02:00,5.5,,
163,5/23/17,7:02:00,6,,
164,5/23/17,8:02:00,7,,
165,5/23/17,9:02:00,10,,
166,5/23/17,10:02:00,11,,
167,5/23/17,11:02:00,12,,
168,5/23/17,12:02:00,13,,
169,5/23/17,13:02:00,14,,
170,5/23/17,14:02:00,14.5,,
171,5/23/17,15:02:00,13.5,,
172,5/23/17,16:02:00,14,,
173,5/23/17,17:02:00,14,,
174,5/23/17,18:02:00,13,,
175,5/23/17,19:02:00,12.5,,
176,5/23/17,20:02:00,11.5,,
177,5/23/17,21:02:00,11.5,,
178,5/23/17,22:02:00,10.5,,
179,5/23/17,23:02:00,10.5,,
180,5/24/17,0:02:00,10.5,,
181,5/24/17,1:02:00,10.5,,
182,5/24/17,2:02:00,10.5,,
183,5/24/17,3:02:00,10.5,,
184,5/24/17,4:02:00,10.5,,
185,5/24/17,5:02:00,10.5,,
186,5/24/17,6:02:00,10.5,,
187,5/24/17,7:02:00,10,,
188,5/24/17,8:02:00,10,,
189,5/24/17,9:02:00,10.5,,
190,5/24/17,10:02:00,10.5,,
191,5/24/17,11:02:00,10.5,,
192,5/24/17,12:02:00,11,,
193,5/24/17,13:02:00,10.5,,
194,5/24/17,14:02:00,11.5,,
195,5/24/17,15:02:00,11,,
196,5/24/17,16:02:00,11.5,,
197,5/24/17,17:02:00,11,,
198,5/24/17,18:02:00,11,,
199,5/24/17,19:02:00,11,,
200,5/24/17,20:02:00,11,,
201,5/24/17,21:02:00,11,,
202,5/24/17,22:02:00,11,,
203,5/24/17,23:02:00,11,,
204,5/25/17,0:02:00,10.5,,
205,5/25/17,1:02:00,10.5,,
206,5/25/17,2:02:00,10,,
207,5/25/17,3:02:00,10,,
208,5/25/17,4:02:00,9.5,,
209,5/25/17,5:02:00,9.5,,
210,5/25/17,6:02:00,9.5,,
211,5/25/17,7:02:00,9.5,,
212,5/25/17,8:02:00,10,,
213,5/25/17,9:02:00,10.5,,
214,5/25/17,10:02:00,11.5,,
215,5/25/17,11:02:00,11.5,,
216,5/25/17,12:02:00,12,,
217,5/25/17,13:02:00,12,,
218,5/25/17,14:02:00,12,,
219,5/25/17,15:02:00,13,,
220,5/25/17,16:02:00,14.5,,
221,5/25/17,17:02:00,14.5,,
222,5/25/17,18:02:00,14,,
223,5/25/17,19:02:00,13,,
224,5/25/17,20:02:00,12,,
225,5/25/17,21:02:00,11,,
226,5/25/17,22:02:00,11,,
227,5/25/17,23:02:00,10.5,,
228,5/26/17,0:02:00,11,,
229,5/26/17,1:02:00,11,,
230,5/26/17,2:02:00,11,,
231,5/26/17,3:02:00,11,,
232,5/26/17,4:02:00,11,,
233,5/26/17,5:02:00,11,,
234,5/26/17,6:02:00,11,,
235,5/26/17,7:02:00,11,,
236,5/26/17,8:02:00,11.5,,
237,5/26/17,9:02:00,11.5,,
238,5/26/17,10:02:00,12,,
239,5/26/17,11:02:00,12,,
240,5/26/17,12:02:00,12.5,,
241,5/26/17,13:02:00,13.5,,
242,5/26/17,14:02:00,13,,
243,5/26/17,15:02:00,13,,
244,5/26/17,16:02:00,14,,
245,5/26/17,17:02:00,14.5,,
246,5/26/17,18:02:00,14,,
247,5/26/17,19:02:00,14,,
248,5/26/17,20:02:00,13.5,,
249,5/26/17,21:02:00,12.5,,
250,5/26/17,22:02:00,11.5,,
251,5/26/17,23:02:00,11,,
252,5/27/17,0:02:00,10.5,,
253,5/27/17,1:02:00,10,,
254,5/27/17,2:02:00,9.5,,
255,5/27/17,3:02:00,9,,
256,5/27/17,4:02:00,8.5,,
257,5/27/17,5:02:00,9,,
258,5/27/17,6:02:00,9.5,,
259,5/27/17,7:02:00,10,,
260,5/27/17,8:02:00,11,,
261,5/27/17,9:02:00,12,,
262,5/27/17,10:02:00,13.5,,
263,5/27/17,11:02:00,13.5,,
264,5/27/17,12:02:00,13.5,,
265,5/27/17,13:02:00,14.5,,
266,5/27/17,14:02:00,14.5,,
267,5/27/17,15:02:00,14.5,,
268,5/27/17,16:02:00,15,,
269,5/27/17,17:02:00,15,,
270,5/27/17,18:02:00,15,,
271,5/27/17,19:02:00,15.5,,
272,5/27/17,20:02:00,15,,
273,5/27/17,21:02:00,14,,
274,5/27/17,22:02:00,13,,
275,5/27/17,23:02:00,13,,
276,5/28/17,0:02:00,12.5,,
277,5/28/17,1:02:00,12,,
278,5/28/17,2:02:00,12.5,,
279,5/28/17,3:02:00,12.5,,
280,5/28/17,4:02:00,12,,
281,5/28/17,5:02:00,12,,
282,5/28/17,6:02:00,12,,
283,5/28/17,7:02:00,12,,
284,5/28/17,8:02:00,13.5,,
285,5/28/17,9:02:00,14.5,,
286,5/28/17,10:02:00,15,,
287,5/28/17,11:02:00,15.5,,
288,5/28/17,12:02:00,15.5,,
289,5/28/17,13:02:00,15,,
290,5/28/17,14:02:00,16.5,,
291,5/28/17,15:02:00,15.5,,
292,5/28/17,16:02:00,15.5,,
293,5/28/17,17:02:00,15.5,,
294,5/28/17,18:02:00,15,,
295,5/28/17,19:02:00,15,,
296,5/28/17,20:02:00,15,,
297,5/28/17,21:02:00,14.5,,
298,5/28/17,22:02:00,14.5,,
299,5/28/17,23:02:00,14.5,,
300,5/29/17,0:02:00,14,,
301,5/29/17,1:02:00,13.5,,
302,5/29/17,2:02:00,14,,
303,5/29/17,3:02:00,13.5,,
304,5/29/17,4:02:00,14,,
305,5/29/17,5:02:00,14.5,,
306,5/29/17,6:02:00,13.5,,
307,5/29/17,7:02:00,13,,
308,5/29/17,8:02:00,13.5,,
309,5/29/17,9:02:00,14,,
310,5/29/17,10:02:00,14.5,,
311,5/29/17,11:02:00,15,,
312,5/29/17,12:02:00,16,,
313,5/29/17,13:02:00,18.5,,
314,5/29/17,14:02:00,18.5,,
315,5/29/17,15:02:00,19,,
316,5/29/17,16:02:00,19,,
317,5/29/17,17:02:00,17.5,,
318,5/29/17,18:02:00,18,,
319,5/29/17,19:02:00,17,,
320,5/29/17,20:02:00,16,,
321,5/29/17,21:02:00,15,,
322,5/29/17,22:02:00,13.5,,
323,5/29/17,23:02:00,13,,
324,5/30/17,0:02:00,12.5,,
325,5/30/17,1:02:00,12,,
326,5/30/17,2:02:00,11.5,,
327,5/30/17,3:02:00,11,,
328,5/30/17,4:02:00,10.5,,
329,5/30/17,5:02:00,10.5,,
330,5/30/17,6:02:00,10,,
331,5/30/17,7:02:00,10,,
332,5/30/17,8:02:00,11.5,,
333,5/30/17,9:02:00,14.5,,
334,5/30/17,10:02:00,16.5,,
335,5/30/17,11:02:00,17,,
336,5/30/17,12:02:00,19.5,,
337,5/30/17,13:02:00,20,,
338,5/30/17,14:02:00,21.5,,
339,5/30/17,15:02:00,21,,
340,5/30/17,16:02:00,21.5,,
341,5/30/17,17:02:00,20,,
342,5/30/17,18:02:00,19,,
343,5/30/17,19:02:00,18,,
344,5/30/17,20:02:00,17,,
345,5/30/17,21:02:00,14.5,,
346,5/30/17,22:02:00,12.5,,
347,5/30/17,23:02:00,11,,
348,5/31/17,0:02:00,11,,
349,5/31/17,1:02:00,10.5,,
350,5/31/17,2:02:00,10.5,,
351,5/31/17,3:02:00,11,,
352,5/31/17,4:02:00,11.5,,
353,5/31/17,5:02:00,10.5,,
354,5/31/17,6:02:00,10.5,,
355,5/31/17,7:02:00,10,,
356,5/31/17,8:02:00,11.5,,
357,5/31/17,9:02:00,13.5,,
358,5/31/17,10:02:00,14,,
359,5/31/17,11:02:00,14.5,,
360,5/31/17,12:02:00,17.5,,
361,5/31/17,13:02:00,18,,
362,5/31/17,14:02:00,18.5,,
363,5/31/17,15:02:00,19,,
364,5/31/17,16:02:00,19,,
365,5/31/17,17:02:00,18.5,,
366,5/31/17,18:02:00,18.5,,
367,5/31/17,19:02:00,15.5,,
368,5/31/17,20:02:00,12,,
369,5/31/17,21:02:00,11.5,,
370,5/31/17,22:02:00,10.5,,
371,5/31/17,23:02:00,11,,
372,6/1/17,0:02:00,10.5,,
373,6/1/17,1:02:00,10,,
374,6/1/17,2:02:00,10.5,,
375,6/1/17,3:02:00,10,,
376,6/1/17,4:02:00,9.5,,
377,6/1/17,5:02:00,9,,
378,6/1/17,6:02:00,8,,
379,6/1/17,7:02:00,8,,
380,6/1/17,8:02:00,11,,
381,6/1/17,9:02:00,11.5,,
382,6/1/17,10:02:00,12.5,,
383,6/1/17,11:02:00,14.5,,
384,6/1/17,12:02:00,16,,
385,6/1/17,13:02:00,17,,
386,6/1/17,14:02:00,18,,
387,6/1/17,15:02:00,18.5,,
388,6/1/17,16:02:00,18.5,,
389,6/1/17,17:02:00,18,,
390,6/1/17,18:02:00,17.5,,
391,6/1/17,19:02:00,16.5,,
392,6/1/17,20:02:00,15,,
393,6/1/17,21:02:00,13,,
394,6/1/17,22:02:00,10.5,,
395,6/1/17,23:02:00,9.5,,
396,6/2/17,0:02:00,8.5,,
397,6/2/17,1:02:00,7.5,,
398,6/2/17,2:02:00,7,,
399,6/2/17,3:02:00,7,,
400,6/2/17,4:02:00,6.5,,
401,6/2/17,5:02:00,6.5,,
402,6/2/17,6:02:00,6,,
403,6/2/17,7:02:00,6.5,,
404,6/2/17,8:02:00,9,,
405,6/2/17,9:02:00,12,,
406,6/2/17,10:02:00,14.5,,
407,6/2/17,11:02:00,16.5,,
408,6/2/17,12:02:00,18,,
409,6/2/17,13:02:00,19,,
410,6/2/17,14:02:00,19,,
411,6/2/17,15:02:00,19,,
412,6/2/17,16:02:00,18,,
413,6/2/17,17:02:00,18,,
414,6/2/17,18:02:00,16.5,,
415,6/2/17,19:02:00,17,,
416,6/2/17,20:02:00,15.5,,
417,6/2/17,21:02:00,14,,
418,6/2/17,22:02:00,11.5,,
419,6/2/17,23:02:00,10,,
420,6/3/17,0:02:00,9.5,,
421,6/3/17,1:02:00,8.5,,
422,6/3/17,2:02:00,8.5,,
423,6/3/17,3:02:00,8.5,,
424,6/3/17,4:02:00,8.5,,
425,6/3/17,5:02:00,9,,
426,6/3/17,6:02:00,9,,
427,6/3/17,7:02:00,11,,
428,6/3/17,8:02:00,12.5,,
429,6/3/17,9:02:00,14.5,,
430,6/3/17,10:02:00,16.5,,
431,6/3/17,11:02:00,18,,
432,6/3/17,12:02:00,20,,
433,6/3/17,13:02:00,21,,
434,6/3/17,14:02:00,21.5,,
435,6/3/17,15:02:00,21.5,,
436,6/3/17,16:02:00,21,,
437,6/3/17,17:02:00,21,,
438,6/3/17,18:02:00,20,,
439,6/3/17,19:02:00,19,,
440,6/3/17,20:02:00,17.5,,
441,6/3/17,21:02:00,15,,
442,6/3/17,22:02:00,12.5,,
443,6/3/17,23:02:00,11,,
444,6/4/17,0:02:00,10,,
445,6/4/17,1:02:00,9,,
446,6/4/17,2:02:00,8.5,,
447,6/4/17,3:02:00,8,,
448,6/4/17,4:02:00,8,,
449,6/4/17,5:02:00,7.5,,
450,6/4/17,6:02:00,7.5,,
451,6/4/17,7:02:00,8,,
452,6/4/17,8:02:00,10.5,,
453,6/4/17,9:02:00,13.5,,
454,6/4/17,10:02:00,16.5,,
455,6/4/17,11:02:00,19,,
456,6/4/17,12:02:00,22,,
457,6/4/17,13:02:00,23,,
458,6/4/17,14:02:00,23.5,,
459,6/4/17,15:02:00,23.5,,
460,6/4/17,16:02:00,24,,
461,6/4/17,17:02:00,23.5,,
462,6/4/17,18:02:00,22.5,,
463,6/4/17,19:02:00,20.5,,
464,6/4/17,20:02:00,19,,
465,6/4/17,21:02:00,18,,
466,6/4/17,22:02:00,16.5,,
467,6/4/17,23:02:00,16,,
468,6/5/17,0:02:00,14.5,,
469,6/5/17,1:02:00,15,,
470,6/5/17,2:02:00,15.5,,
471,6/5/17,3:02:00,16,,
472,6/5/17,4:02:00,15,,
473,6/5/17,5:02:00,14.5,,
474,6/5/17,6:02:00,14.5,,
475,6/5/17,7:02:00,14.5,,
476,6/5/17,8:02:00,15,,
477,6/5/17,9:02:00,15.5,,
478,6/5/17,10:02:00,16,,
479,6/5/17,11:02:00,14.5,,
480,6/5/17,12:02:00,15,,
481,6/5/17,13:02:00,15,,
482,6/5/17,14:02:00,16,,
483,6/5/17,15:02:00,16,,
484,6/5/17,16:02:00,17,,
485,6/5/17,17:02:00,17,,
486,6/5/17,18:02:00,17,,
487,6/5/17,19:02:00,16.5,,
488,6/5/17,20:02:00,13.5,,
489,6/5/17,21:02:00,13,,
490,6/5/17,22:02:00,12.5,,
491,6/5/17,23:02:00,12,,
492,6/6/17,0:02:00,12,,
493,6/6/17,1:02:00,13,,
494,6/6/17,2:02:00,12.5,,
495,6/6/17,3:02:00,12,,
496,6/6/17,4:02:00,11.5,,
497,6/6/17,5:02:00,11.5,,
498,6/6/17,6:02:00,10.5,,
499,6/6/17,7:02:00,10.5,,
500,6/6/17,8:02:00,11,,
501,6/6/17,9:02:00,11.5,,
502,6/6/17,10:02:00,12,,
503,6/6/17,11:02:00,12.5,,
504,6/6/17,12:02:00,13.5,,
505,6/6/17,13:02:00,12.5,,
506,6/6/17,14:02:00,13.5,,
507,6/6/17,15:02:00,13.5,,
508,6/6/17,16:02:00,13.5,,
509,6/6/17,17:02:00,13.5,,
510,6/6/17,18:02:00,13.5,,
511,6/6/17,19:02:00,13,,
512,6/6/17,20:02:00,12.5,,
513,6/6/17,21:02:00,12,,
514,6/6/17,22:02:00,11.5,,
515,6/6/17,23:02:00,10.5,,
516,6/7/17,0:02:00,10,,
517,6/7/17,1:02:00,10.5,,
518,6/7/17,2:02:00,10.5,,
519,6/7/17,3:02:00,10,,
520,6/7/17,4:02:00,10,,
521,6/7/17,5:02:00,10,,
522,6/7/17,6:02:00,10,,
523,6/7/17,7:02:00,10.5,,
524,6/7/17,8:02:00,11,,
525,6/7/17,9:02:00,11,,
526,6/7/17,10:02:00,11.5,,
527,6/7/17,11:02:00,12.5,,
528,6/7/17,12:02:00,11,,
529,6/7/17,13:02:00,12,,
530,6/7/17,14:02:00,12,,
531,6/7/17,15:02:00,12,,
532,6/7/17,16:02:00,13,,
533,6/7/17,17:02:00,12,,
534,6/7/17,18:02:00,11.5,,
535,6/7/17,19:02:00,11,,
536,6/7/17,20:02:00,11,,
537,6/7/17,21:02:00,10.5,,
538,6/7/17,22:02:00,10,,
539,6/7/17,23:02:00,9.5,,
540,6/8/17,0:02:00,9.5,,
541,6/8/17,1:02:00,9,,
542,6/8/17,2:02:00,9,,
543,6/8/17,3:02:00,8,,
544,6/8/17,4:02:00,7,,
545,6/8/17,5:02:00,6,,
546,6/8/17,6:02:00,5.5,,
547,6/8/17,7:02:00,5.5,,
548,6/8/17,8:02:00,7.5,,
549,6/8/17,9:02:00,10,,
550,6/8/17,10:02:00,11,,
551,6/8/17,11:02:00,11.5,,
552,6/8/17,12:02:00,12.5,,
553,6/8/17,13:02:00,13,,
554,6/8/17,14:02:00,14.5,,
555,6/8/17,15:02:00,14.5,,
556,6/8/17,16:02:00,14.5,,
557,6/8/17,17:02:00,14,,
558,6/8/17,18:02:00,14,,
559,6/8/17,19:02:00,13.5,,
560,6/8/17,20:02:00,12.5,,
561,6/8/17,21:02:00,12,,
562,6/8/17,22:02:00,11.5,,
563,6/8/17,23:02:00,11,,
564,6/9/17,0:02:00,11,,
565,6/9/17,1:02:00,10,,
566,6/9/17,2:02:00,9.5,,
567,6/9/17,3:02:00,9.5,,
568,6/9/17,4:02:00,9.5,,
569,6/9/17,5:02:00,9.5,,
570,6/9/17,6:02:00,9,,
571,6/9/17,7:02:00,9.5,,
572,6/9/17,8:02:00,10.5,,
573,6/9/17,9:02:00,12,,
574,6/9/17,10:02:00,13.5,,
575,6/9/17,11:02:00,14.5,,
576,6/9/17,12:02:00,16,,
577,6/9/17,13:02:00,17,,
578,6/9/17,14:02:00,18,,
579,6/9/17,15:02:00,18.5,,
580,6/9/17,16:02:00,18.5,,
581,6/9/17,17:02:00,18.5,,
582,6/9/17,18:02:00,17.5,,
583,6/9/17,19:02:00,16.5,,
584,6/9/17,20:02:00,15.5,,
585,6/9/17,21:02:00,14.5,,
586,6/9/17,22:02:00,12.5,,
587,6/9/17,23:02:00,11.5,,
588,6/10/17,0:02:00,11.5,,
589,6/10/17,1:02:00,11.5,,
590,6/10/17,2:02:00,11.5,,
591,6/10/17,3:02:00,12.5,,
592,6/10/17,4:02:00,11.5,,
593,6/10/17,5:02:00,11.5,,
594,6/10/17,6:02:00,11.5,,
595,6/10/17,7:02:00,12,,
596,6/10/17,8:02:00,14,,
597,6/10/17,9:02:00,15.5,,
598,6/10/17,10:02:00,16.5,,
599,6/10/17,11:02:00,18,,
600,6/10/17,12:02:00,20,,
601,6/10/17,13:02:00,21.5,,
602,6/10/17,14:02:00,22,,
603,6/10/17,15:02:00,23,,
604,6/10/17,16:02:00,23,,
605,6/10/17,17:02:00,22.5,,
606,6/10/17,18:02:00,22,,
607,6/10/17,19:02:00,21,,
608,6/10/17,20:02:00,19.5,,
609,6/10/17,21:02:00,17.5,,
610,6/10/17,22:02:00,15.5,,
611,6/10/17,23:02:00,14.5,,
612,6/11/17,0:02:00,13.5,,
613,6/11/17,1:02:00,13,,
614,6/11/17,2:02:00,12.5,,
615,6/11/17,3:02:00,12,,
616,6/11/17,4:02:00,11.5,,
617,6/11/17,5:02:00,11.5,,
618,6/11/17,6:02:00,11.5,,
619,6/11/17,7:02:00,13,,
620,6/11/17,8:02:00,15.5,,
621,6/11/17,9:02:00,17.5,,
622,6/11/17,10:02:00,19.5,,
623,6/11/17,11:02:00,21,,
624,6/11/17,12:02:00,22.5,,
625,6/11/17,13:02:00,23.5,,
626,6/11/17,14:02:00,24,,
627,6/11/17,15:02:00,24.5,,
628,6/11/17,16:02:00,23.5,,
629,6/11/17,17:02:00,23,,
630,6/11/17,18:02:00,22.5,,
631,6/11/17,19:02:00,21.5,,
632,6/11/17,20:02:00,20,,
633,6/11/17,21:02:00,18.5,,
634,6/11/17,22:02:00,17,,
635,6/11/17,23:02:00,15.5,,
636,6/12/17,0:02:00,14.5,,
637,6/12/17,1:02:00,14,,
638,6/12/17,2:02:00,13.5,,
639,6/12/17,3:02:00,13,,
640,6/12/17,4:02:00,12.5,,
641,6/12/17,5:02:00,12.5,,
642,6/12/17,6:02:00,12.5,,
643,6/12/17,7:02:00,13,,
644,6/12/17,8:02:00,15,,
645,6/12/17,9:02:00,18,,
646,6/12/17,10:02:00,20,,
647,6/12/17,11:02:00,21.5,,
648,6/12/17,12:02:00,22.5,,
649,6/12/17,13:02:00,23,,
650,6/12/17,14:02:00,24.5,,
651,6/12/17,15:02:00,24.5,,
652,6/12/17,16:02:00,24.5,,
653,6/12/17,17:02:00,24.5,,
654,6/12/17,18:02:00,23.5,,
655,6/12/17,19:02:00,22.5,,
656,6/12/17,20:02:00,21,,
657,6/12/17,21:02:00,19.5,,
658,6/12/17,22:02:00,18,,
659,6/12/17,23:02:00,17.5,,
660,6/13/17,0:02:00,16.5,,
661,6/13/17,1:02:00,16,,
662,6/13/17,2:02:00,16,,
663,6/13/17,3:02:00,15.5,,
664,6/13/17,4:02:00,15.5,,
665,6/13/17,5:02:00,15,,
666,6/13/17,6:02:00,15,,
667,6/13/17,7:02:00,15.5,,
668,6/13/17,8:02:00,17.5,,
669,6/13/17,9:02:00,19.5,,
670,6/13/17,10:02:00,21.5,,
671,6/13/17,11:02:00,22.5,,
672,6/13/17,12:02:00,23.5,,
673,6/13/17,13:02:00,24.5,,
674,6/13/17,14:02:00,25.5,,
675,6/13/17,15:02:00,24.5,,
676,6/13/17,16:02:00,25.5,,
677,6/13/17,17:02:00,24.5,,
678,6/13/17,18:02:00,23,,
679,6/13/17,19:02:00,22,,
680,6/13/17,20:02:00,21,,
681,6/13/17,21:02:00,19.5,,
682,6/13/17,22:02:00,18.5,,
683,6/13/17,23:02:00,18,,
684,6/14/17,0:02:00,17,,
685,6/14/17,1:02:00,16.5,,
686,6/14/17,2:02:00,16.5,,
687,6/14/17,3:02:00,16.5,,
688,6/14/17,4:02:00,16,,
689,6/14/17,5:02:00,16.5,,
690,6/14/17,6:02:00,16.5,,
691,6/14/17,7:02:00,17.5,,
692,6/14/17,8:02:00,18.5,,
693,6/14/17,9:02:00,19.5,,
694,6/14/17,10:02:00,20.5,,
695,6/14/17,11:02:00,21,,
696,6/14/17,12:02:00,22.5,,
697,6/14/17,13:02:00,23,,
698,6/14/17,14:02:00,22.5,,
699,6/14/17,15:02:00,24.5,,
700,6/14/17,16:02:00,24,,
701,6/14/17,17:02:00,19.5,,
702,6/14/17,18:02:00,19.5,,
703,6/14/17,19:02:00,20.5,,
704,6/14/17,20:02:00,19.5,,
705,6/14/17,21:02:00,18.5,,
706,6/14/17,22:02:00,18,,
707,6/14/17,23:02:00,17,,
708,6/15/17,0:02:00,16.5,,
709,6/15/17,1:02:00,16,,
710,6/15/17,2:02:00,15.5,,
711,6/15/17,3:02:00,15,,
712,6/15/17,4:02:00,15,,
713,6/15/17,5:02:00,14.5,,
714,6/15/17,6:02:00,14,,
715,6/15/17,7:02:00,14,,
716,6/15/17,8:02:00,15,,
717,6/15/17,9:02:00,17.5,,
718,6/15/17,10:02:00,19,,
719,6/15/17,11:02:00,20,,
720,6/15/17,12:02:00,20.5,,
721,6/15/17,13:02:00,21.5,,
722,6/15/17,14:02:00,21.5,,
723,6/15/17,15:02:00,21.5,,
724,6/15/17,16:02:00,21.5,,
725,6/15/17,17:02:00,21.5,,
726,6/15/17,18:02:00,21,,
727,6/15/17,19:02:00,20,,
728,6/15/17,20:02:00,17,,
729,6/15/17,21:02:00,17.5,,
730,6/15/17,22:02:00,17.5,,
731,6/15/17,23:02:00,17.5,,
732,6/16/17,0:02:00,18,,
733,6/16/17,1:02:00,18,,
734,6/16/17,2:02:00,18,,
735,6/16/17,3:02:00,17.5,,
736,6/16/17,4:02:00,17.5,,
737,6/16/17,5:02:00,17,,
738,6/16/17,6:02:00,16.5,,
739,6/16/17,7:02:00,17,,
740,6/16/17,8:02:00,17.5,,
741,6/16/17,9:02:00,18.5,,
742,6/16/17,10:02:00,19,,
743,6/16/17,11:02:00,19.5,,
744,6/16/17,12:02:00,19.5,,
745,6/16/17,13:02:00,19.5,,
746,6/16/17,14:02:00,20,,
747,6/16/17,15:02:00,20.5,,
748,6/16/17,16:02:00,17.5,,
749,6/16/17,17:02:00,17.5,,
750,6/16/17,18:02:00,17,,
751,6/16/17,19:02:00,17,,
752,6/16/17,20:02:00,17,,
753,6/16/17,21:02:00,16.5,,
754,6/16/17,22:02:00,16,,
755,6/16/17,23:02:00,16,,
756,6/17/17,0:02:00,15.5,,
757,6/17/17,1:02:00,15.5,,
758,6/17/17,2:02:00,15.5,,
759,6/17/17,3:02:00,15.5,,
760,6/17/17,4:02:00,16,,
761,6/17/17,5:02:00,15.5,,
762,6/17/17,6:02:00,15.5,,
763,6/17/17,7:02:00,15,,
764,6/17/17,8:02:00,15.5,,
765,6/17/17,9:02:00,17.5,,
766,6/17/17,10:02:00,18,,
767,6/17/17,11:02:00,18.5,,
768,6/17/17,12:02:00,19,,
769,6/17/17,13:02:00,20,,
770,6/17/17,14:02:00,21,,
771,6/17/17,15:02:00,21.5,,
772,6/17/17,16:02:00,21.5,,
773,6/17/17,17:02:00,21.5,,
774,6/17/17,18:02:00,21,,
775,6/17/17,19:02:00,21,,
776,6/17/17,20:02:00,20,,
777,6/17/17,21:02:00,19.5,,
778,6/17/17,22:02:00,18.5,,
779,6/17/17,23:02:00,18,,
780,6/18/17,0:02:00,17.5,,
781,6/18/17,1:02:00,17,,
782,6/18/17,2:02:00,16.5,,
783,6/18/17,3:02:00,16,,
784,6/18/17,4:02:00,15.5,,
785,6/18/17,5:02:00,15.5,,
786,6/18/17,6:02:00,15,,
787,6/18/17,7:02:00,15.5,,
788,6/18/17,8:02:00,17.5,,
789,6/18/17,9:02:00,19,,
790,6/18/17,10:02:00,21,,
791,6/18/17,11:02:00,21,,
792,6/18/17,12:02:00,22.5,,
793,6/18/17,13:02:00,23.5,,
794,6/18/17,14:02:00,24.5,,
795,6/18/17,15:02:00,25,,
796,6/18/17,16:02:00,24.5,,
797,6/18/17,17:02:00,25,,
798,6/18/17,18:02:00,23,,
799,6/18/17,19:02:00,22,,
800,6/18/17,20:02:00,21,,
801,6/18/17,21:02:00,19.5,,
802,6/18/17,22:02:00,18.5,,
803,6/18/17,23:02:00,18,,
804,6/19/17,0:02:00,18,,
805,6/19/17,1:02:00,17.5,,
806,6/19/17,2:02:00,17.5,,
807,6/19/17,3:02:00,17.5,,
808,6/19/17,4:02:00,17,,
809,6/19/17,5:02:00,17.5,,
810,6/19/17,6:02:00,17.5,,
811,6/19/17,7:02:00,17.5,,
812,6/19/17,8:02:00,17.5,,
813,6/19/17,9:02:00,17.5,,
814,6/19/17,10:02:00,18,,
815,6/19/17,11:02:00,18,,
816,6/19/17,12:02:00,17,,
817,6/19/17,13:02:00,17,,
818,6/19/17,14:02:00,17.5,,
819,6/19/17,15:02:00,17,,
820,6/19/17,16:02:00,17,,
821,6/19/17,17:02:00,17.5,,
822,6/19/17,18:02:00,18,,
823,6/19/17,19:02:00,18,,
824,6/19/17,20:02:00,17.5,,
825,6/19/17,21:02:00,16.5,,
826,6/19/17,22:02:00,15.5,,
827,6/19/17,23:02:00,14.5,,
828,6/20/17,0:02:00,14,,
829,6/20/17,1:02:00,14,,
830,6/20/17,2:02:00,13.5,,
831,6/20/17,3:02:00,13,,
832,6/20/17,4:02:00,12.5,,
833,6/20/17,5:02:00,11.5,,
834,6/20/17,6:02:00,11,,
835,6/20/17,7:02:00,11,,
836,6/20/17,8:02:00,12.5,,
837,6/20/17,9:02:00,14,,
838,6/20/17,10:02:00,15,,
839,6/20/17,11:02:00,16,,
840,6/20/17,12:02:00,17.5,,
841,6/20/17,13:02:00,18,,
842,6/20/17,14:02:00,19,,
843,6/20/17,15:02:00,18.5,,
844,6/20/17,16:02:00,18.5,,
845,6/20/17,17:02:00,19,,
846,6/20/17,18:02:00,18,,
847,6/20/17,19:02:00,18,,
848,6/20/17,20:02:00,17,,
849,6/20/17,21:02:00,15.5,,
850,6/20/17,22:02:00,13.5,,
851,6/20/17,23:02:00,13,,
852,6/21/17,0:02:00,12,,
853,6/21/17,1:02:00,11.5,,
854,6/21/17,2:02:00,11,,
855,6/21/17,3:02:00,11,,
856,6/21/17,4:02:00,10.5,,
857,6/21/17,5:02:00,10,,
858,6/21/17,6:02:00,10,,
859,6/21/17,7:02:00,11,,
860,6/21/17,8:02:00,12.5,,
861,6/21/17,9:02:00,14,,
862,6/21/17,10:02:00,15.5,,
863,6/21/17,11:02:00,18,,
864,6/21/17,12:02:00,20,,
865,6/21/17,13:02:00,20.5,,
866,6/21/17,14:02:00,20.5,,
867,6/21/17,15:02:00,21,,
868,6/21/17,16:02:00,21,,
869,6/21/17,17:02:00,20,,
870,6/21/17,18:02:00,20,,
871,6/21/17,19:02:00,19.5,,
872,6/21/17,20:02:00,18.5,,
873,6/21/17,21:02:00,17.5,,
874,6/21/17,22:02:00,16.5,,
875,6/21/17,23:02:00,16.5,,
876,6/22/17,0:02:00,16,,
877,6/22/17,1:02:00,16,,
878,6/22/17,2:02:00,15.5,,
879,6/22/17,3:02:00,15.5,,
880,6/22/17,4:02:00,15.5,,
881,6/22/17,5:02:00,15.5,,
882,6/22/17,6:02:00,16.5,,
883,6/22/17,7:02:00,17,,
884,6/22/17,8:02:00,17,,
885,6/22/17,9:02:00,17.5,,
886,6/22/17,10:02:00,19,,
887,6/22/17,11:02:00,19.5,,
888,6/22/17,12:02:00,20.5,,
889,6/22/17,13:02:00,22,,
890,6/22/17,14:02:00,22.5,,
891,6/22/17,15:02:00,22,,
892,6/22/17,16:02:00,22,,
893,6/22/17,17:02:00,22,,
894,6/22/17,18:02:00,21.5,,
895,6/22/17,19:02:00,21,,
896,6/22/17,20:02:00,20.5,,
897,6/22/17,21:02:00,19.5,,
898,6/22/17,22:02:00,18.5,,
899,6/22/17,23:02:00,18,,
900,6/23/17,0:02:00,17.5,,
901,6/23/17,1:02:00,17.5,,
902,6/23/17,2:02:00,17,,
903,6/23/17,3:02:00,17.5,,
904,6/23/17,4:02:00,17.5,,
905,6/23/17,5:02:00,17.5,,
906,6/23/17,6:02:00,17.5,,
907,6/23/17,7:02:00,17.5,,
908,6/23/17,8:02:00,18.5,,
909,6/23/17,9:02:00,19,,
910,6/23/17,10:02:00,19,,
911,6/23/17,11:02:00,19.5,,
912,6/23/17,12:02:00,20.5,,
913,6/23/17,13:02:00,21,,
914,6/23/17,14:02:00,21,,
915,6/23/17,15:02:00,22.5,,
916,6/23/17,16:02:00,23,,
917,6/23/17,17:02:00,23,,
918,6/23/17,18:02:00,20.5,,
919,6/23/17,19:02:00,20.5,,
920,6/23/17,20:02:00,19,,
921,6/23/17,21:02:00,18.5,,
922,6/23/17,22:02:00,18.5,,
923,6/23/17,23:02:00,18,,
924,6/24/17,0:02:00,18,,
925,6/24/17,1:02:00,17,,
926,6/24/17,2:02:00,16.5,,
927,6/24/17,3:02:00,16.5,,
928,6/24/17,4:02:00,16.5,,
929,6/24/17,5:02:00,16.5,,
930,6/24/17,6:02:00,16.5,,
931,6/24/17,7:02:00,16,,
932,6/24/17,8:02:00,16,,
933,6/24/17,9:02:00,16,,
934,6/24/17,10:02:00,16,,
935,6/24/17,11:02:00,16.5,,
936,6/24/17,12:02:00,17,,
937,6/24/17,13:02:00,18.5,,
938,6/24/17,14:02:00,18,,
939,6/24/17,15:02:00,19,,
940,6/24/17,16:02:00,19.5,,
941,6/24/17,17:02:00,19,,
942,6/24/17,18:02:00,19,,
943,6/24/17,19:02:00,18,,
944,6/24/17,20:02:00,18,,
945,6/24/17,21:02:00,17,,
946,6/24/17,22:02:00,15,,
947,6/24/17,23:02:00,14,,
948,6/25/17,0:02:00,13,,
949,6/25/17,1:02:00,12.5,,
950,6/25/17,2:02:00,12,,
951,6/25/17,3:02:00,11.5,,
952,6/25/17,4:02:00,11.5,,
953,6/25/17,5:02:00,11,,
954,6/25/17,6:02:00,10.5,,
955,6/25/17,7:02:00,11,,
956,6/25/17,8:02:00,13,,
957,6/25/17,9:02:00,14.5,,
958,6/25/17,10:02:00,15.5,,
959,6/25/17,11:02:00,16,,
960,6/25/17,12:02:00,17,,
961,6/25/17,13:02:00,17.5,,
962,6/25/17,14:02:00,18.5,,
963,6/25/17,15:02:00,17,,
964,6/25/17,16:02:00,18,,
965,6/25/17,17:02:00,17.5,,
966,6/25/17,18:02:00,17,,
967,6/25/17,19:02:00,16.5,,
968,6/25/17,20:02:00,15.5,,
969,6/25/17,21:02:00,14.5,,
970,6/25/17,22:02:00,12.5,,
971,6/25/17,23:02:00,11.5,,
972,6/26/17,0:02:00,11,,
973,6/26/17,1:02:00,10.5,,
974,6/26/17,2:02:00,9.5,,
975,6/26/17,3:02:00,9,,
976,6/26/17,4:02:00,8.5,,
977,6/26/17,5:02:00,7.5,,
978,6/26/17,6:02:00,7,,
979,6/26/17,7:02:00,7,,
980,6/26/17,8:02:00,9.5,,
981,6/26/17,9:02:00,12,,
982,6/26/17,10:02:00,14,,
983,6/26/17,11:02:00,14.5,,
984,6/26/17,12:02:00,16.5,,
985,6/26/17,13:02:00,17,,
986,6/26/17,14:02:00,17,,
987,6/26/17,15:02:00,17.5,,
988,6/26/17,16:02:00,17.5,,
989,6/26/17,17:02:00,17.5,,
990,6/26/17,18:02:00,16.5,,
991,6/26/17,19:02:00,16,,
992,6/26/17,20:02:00,15.5,,
993,6/26/17,21:02:00,14,,
994,6/26/17,22:02:00,13,,
995,6/26/17,23:02:00,11.5,,
996,6/27/17,0:02:00,11,,
997,6/27/17,1:02:00,11.5,,
998,6/27/17,2:02:00,11.5,,
999,6/27/17,3:02:00,11,,
1000,6/27/17,4:02:00,11.5,,
1001,6/27/17,5:02:00,10.5,,
1002,6/27/17,6:02:00,9,,
1003,6/27/17,7:02:00,9,,
1004,6/27/17,8:02:00,10.5,,
1005,6/27/17,9:02:00,11.5,,
1006,6/27/17,10:02:00,12,,
1007,6/27/17,11:02:00,12.5,,
1008,6/27/17,12:02:00,13,,
1009,6/27/17,13:02:00,14.5,,
1010,6/27/17,14:02:00,15,,
1011,6/27/17,15:02:00,15,,
1012,6/27/17,16:02:00,16,,
1013,6/27/17,17:02:00,15,,
1014,6/27/17,18:02:00,14.5,,
1015,6/27/17,19:02:00,14,,
1016,6/27/17,20:02:00,13.5,,
1017,6/27/17,21:02:00,12,,
1018,6/27/17,22:02:00,10,,
1019,6/27/17,23:02:00,9,,
1020,6/28/17,0:02:00,8,,
1021,6/28/17,1:02:00,7.5,,
1022,6/28/17,2:02:00,6.5,,
1023,6/28/17,3:02:00,6,,
1024,6/28/17,4:02:00,6,,
1025,6/28/17,5:02:00,5.5,,
1026,6/28/17,6:02:00,5.5,,
1027,6/28/17,7:02:00,5.5,,
1028,6/28/17,8:02:00,8,,
1029,6/28/17,9:02:00,11.5,,
1030,6/28/17,10:02:00,13.5,,
1031,6/28/17,11:02:00,15,,
1032,6/28/17,12:02:00,16,,
1033,6/28/17,13:02:00,17.5,,
1034,6/28/17,14:02:00,18.5,,
1035,6/28/17,15:02:00,19,,
1036,6/28/17,16:02:00,18.5,,
1037,6/28/17,17:02:00,18.5,,
1038,6/28/17,18:02:00,18,,
1039,6/28/17,19:02:00,17,,
1040,6/28/17,20:02:00,16,,
1041,6/28/17,21:02:00,14,,
1042,6/28/17,22:02:00,12,,
1043,6/28/17,23:02:00,11,,
1044,6/29/17,0:02:00,10,,
1045,6/29/17,1:02:00,9.5,,
1046,6/29/17,2:02:00,9,,
1047,6/29/17,3:02:00,9.5,,
1048,6/29/17,4:02:00,9.5,,
1049,6/29/17,5:02:00,9.5,,
1050,6/29/17,6:02:00,9.5,,
1051,6/29/17,7:02:00,11,,
1052,6/29/17,8:02:00,13,,
1053,6/29/17,9:02:00,15,,
1054,6/29/17,10:02:00,17.5,,
1055,6/29/17,11:02:00,19.5,,
1056,6/29/17,12:02:00,21,,
1057,6/29/17,13:02:00,20.5,,
1058,6/29/17,14:02:00,21,,
1059,6/29/17,15:02:00,22,,
1060,6/29/17,16:02:00,23,,
1061,6/29/17,17:02:00,22,,
1062,6/29/17,18:02:00,21.5,,
1063,6/29/17,19:02:00,21.5,,
1064,6/29/17,20:02:00,20.5,,
1065,6/29/17,21:02:00,19,,
1066,6/29/17,22:02:00,17,,
1067,6/29/17,23:02:00,16,,
1068,6/30/17,0:02:00,15.5,,
1069,6/30/17,1:02:00,14.5,,
1070,6/30/17,2:02:00,14,,
1071,6/30/17,3:02:00,14,,
1072,6/30/17,4:02:00,14.5,,
1073,6/30/17,5:02:00,15.5,,
1074,6/30/17,6:02:00,15.5,,
1075,6/30/17,7:02:00,16,,
1076,6/30/17,8:02:00,17,,
1077,6/30/17,9:02:00,19,,
1078,6/30/17,10:02:00,21,,
1079,6/30/17,11:02:00,22.5,,
1080,6/30/17,12:02:00,23,,
1081,6/30/17,13:02:00,24,,
1082,6/30/17,14:02:00,23.5,,
1083,6/30/17,15:02:00,23,,
1084,6/30/17,16:02:00,24,,
1085,6/30/17,17:02:00,24.5,,
1086,6/30/17,18:02:00,24,,
1087,6/30/17,19:02:00,23,,
1088,6/30/17,20:02:00,22,,
1089,6/30/17,21:02:00,20.5,,
1090,6/30/17,22:02:00,20,,
1091,6/30/17,23:02:00,19.5,,
1092,7/1/17,0:02:00,18.5,,
1093,7/1/17,1:02:00,18,,
1094,7/1/17,2:02:00,17,,
1095,7/1/17,3:02:00,17,,
1096,7/1/17,4:02:00,16.5,,
1097,7/1/17,5:02:00,16.5,,
1098,7/1/17,6:02:00,17,,
1099,7/1/17,7:02:00,18.5,,
1100,7/1/17,8:02:00,19.5,,
1101,7/1/17,9:02:00,20.5,,
1102,7/1/17,10:02:00,21,,
1103,7/1/17,11:02:00,21.5,,
1104,7/1/17,12:02:00,22,,
1105,7/1/17,13:02:00,19.5,,
1106,7/1/17,14:02:00,21,,
1107,7/1/17,15:02:00,22.5,,
1108,7/1/17,16:02:00,23,,
1109,7/1/17,17:02:00,22.5,,
1110,7/1/17,18:02:00,21.5,,
1111,7/1/17,19:02:00,21,,
1112,7/1/17,20:02:00,20,,
1113,7/1/17,21:02:00,19.5,,
1114,7/1/17,22:02:00,19,,
1115,7/1/17,23:02:00,18.5,,
1116,7/2/17,0:02:00,18,,
1117,7/2/17,1:02:00,18,,
1118,7/2/17,2:02:00,17.5,,
1119,7/2/17,3:02:00,17,,
1120,7/2/17,4:02:00,16.5,,
1121,7/2/17,5:02:00,16.5,,
1122,7/2/17,6:02:00,17,,
1123,7/2/17,7:02:00,17.5,,
1124,7/2/17,8:02:00,18.5,,
1125,7/2/17,9:02:00,19,,
1126,7/2/17,10:02:00,20,,
1127,7/2/17,11:02:00,21,,
1128,7/2/17,12:02:00,21,,
1129,7/2/17,13:02:00,23,,
1130,7/2/17,14:02:00,23.5,,
1131,7/2/17,15:02:00,23,,
1132,7/2/17,16:02:00,23,,
1133,7/2/17,17:02:00,22.5,,
1134,7/2/17,18:02:00,22,,
1135,7/2/17,19:02:00,21,,
1136,7/2/17,20:02:00,20,,
1137,7/2/17,21:02:00,18.5,,
1138,7/2/17,22:02:00,17,,
1139,7/2/17,23:02:00,16,,
1140,7/3/17,0:02:00,15,,
1141,7/3/17,1:02:00,15,,
1142,7/3/17,2:02:00,14,,
1143,7/3/17,3:02:00,14,,
1144,7/3/17,4:02:00,14,,
1145,7/3/17,5:02:00,14,,
1146,7/3/17,6:02:00,14.5,,
1147,7/3/17,7:02:00,15,,
1148,7/3/17,8:02:00,16,,
1149,7/3/17,9:02:00,17.5,,
1150,7/3/17,10:02:00,19.5,,
1151,7/3/17,11:02:00,21,,
1152,7/3/17,12:02:00,22,,
1153,7/3/17,13:02:00,23,,
1154,7/3/17,14:02:00,23,,
1155,7/3/17,15:02:00,23.5,,
1156,7/3/17,16:02:00,23.5,,
1157,7/3/17,17:02:00,23,,
1158,7/3/17,18:02:00,22.5,,
1159,7/3/17,19:02:00,21,,
1160,7/3/17,20:02:00,20,,
1161,7/3/17,21:02:00,18.5,,
1162,7/3/17,22:02:00,17.5,,
1163,7/3/17,23:02:00,17,,
1164,7/4/17,0:02:00,16,,
1165,7/4/17,1:02:00,16,,
1166,7/4/17,2:02:00,15.5,,
1167,7/4/17,3:02:00,15,,
1168,7/4/17,4:02:00,14.5,,
1169,7/4/17,5:02:00,14.5,,
1170,7/4/17,6:02:00,14,,
1171,7/4/17,7:02:00,14,,
1172,7/4/17,8:02:00,15.5,,
1173,7/4/17,9:02:00,18,,
1174,7/4/17,10:02:00,20,,
1175,7/4/17,11:02:00,21,,
1176,7/4/17,12:02:00,21,,
1177,7/4/17,13:02:00,22,,
1178,7/4/17,14:02:00,21.5,,
1179,7/4/17,15:02:00,21.5,,
1180,7/4/17,16:02:00,21,,
1181,7/4/17,17:02:00,20.5,,
1182,7/4/17,18:02:00,21.5,,
1183,7/4/17,19:02:00,20.5,,
1184,7/4/17,20:02:00,20,,
1185,7/4/17,21:02:00,19,,
1186,7/4/17,22:02:00,18.5,,
1187,7/4/17,23:02:00,18,,
1188,7/5/17,0:02:00,17,,
1189,7/5/17,1:02:00,16.5,,
1190,7/5/17,2:02:00,16,,
1191,7/5/17,3:02:00,16,,
1192,7/5/17,4:02:00,15.5,,
1193,7/5/17,5:02:00,16,,
1194,7/5/17,6:02:00,16.5,,
1195,7/5/17,7:02:00,17,,
1196,7/5/17,8:02:00,18,,
1197,7/5/17,9:02:00,18,,
1198,7/5/17,10:02:00,19,,
1199,7/5/17,11:02:00,20.5,,
1200,7/5/17,12:02:00,20.5,,
1201,7/5/17,13:02:00,21.5,,
1202,7/5/17,14:02:00,22.5,,
1203,7/5/17,15:02:00,23,,
1204,7/5/17,16:02:00,22,,
1205,7/5/17,17:02:00,22,,
1206,7/5/17,18:02:00,21,,
1207,7/5/17,19:02:00,20.5,,
1208,7/5/17,20:02:00,20,,
1209,7/5/17,21:02:00,19.5,,
1210,7/5/17,22:02:00,19,,
1211,7/5/17,23:02:00,18.5,,
1212,7/6/17,0:02:00,18.5,,
1213,7/6/17,1:02:00,18.5,,
1214,7/6/17,2:02:00,18,,
1215,7/6/17,3:02:00,18,,
1216,7/6/17,4:02:00,17.5,,
1217,7/6/17,5:02:00,17.5,,
1218,7/6/17,6:02:00,17.5,,
1219,7/6/17,7:02:00,17.5,,
1220,7/6/17,8:02:00,17.5,,
1221,7/6/17,9:02:00,18,,
1222,7/6/17,10:02:00,18,,
1223,7/6/17,11:02:00,18.5,,
1224,7/6/17,12:02:00,18.5,,
1225,7/6/17,13:02:00,19,,
1226,7/6/17,14:02:00,19,,
1227,7/6/17,15:02:00,19,,
1228,7/6/17,16:02:00,19,,
1229,7/6/17,17:02:00,19,,
1230,7/6/17,18:02:00,18.5,,
1231,7/6/17,19:02:00,18,,
1232,7/6/17,20:02:00,17.5,,
1233,7/6/17,21:02:00,17.5,,
1234,7/6/17,22:02:00,17.5,,
1235,7/6/17,23:02:00,17.5,,
1236,7/7/17,0:02:00,17.5,,
1237,7/7/17,1:02:00,17.5,,
1238,7/7/17,2:02:00,17.5,,
1239,7/7/17,3:02:00,17.5,,
1240,7/7/17,4:02:00,17.5,,
1241,7/7/17,5:02:00,17.5,,
1242,7/7/17,6:02:00,17.5,,
1243,7/7/17,7:02:00,17.5,,
1244,7/7/17,8:02:00,17.5,,
1245,7/7/17,9:02:00,17.5,,
1246,7/7/17,10:02:00,18,,
1247,7/7/17,11:02:00,18.5,,
1248,7/7/17,12:02:00,19.5,,
1249,7/7/17,13:02:00,20,,
1250,7/7/17,14:02:00,21,,
1251,7/7/17,15:02:00,21.5,,
1252,7/7/17,16:02:00,21.5,,
1253,7/7/17,17:02:00,17,,
1254,7/7/17,18:02:00,16,,
1255,7/7/17,19:02:00,16,,
1256,7/7/17,20:02:00,16.5,,
1257,7/7/17,21:02:00,16,,
1258,7/7/17,22:02:00,15.5,,
1259,7/7/17,23:02:00,15.5,,
1260,7/8/17,0:02:00,15.5,,
1261,7/8/17,1:02:00,15.5,,
1262,7/8/17,2:02:00,15.5,,
1263,7/8/17,3:02:00,15.5,,
1264,7/8/17,4:02:00,15.5,,
1265,7/8/17,5:02:00,15.5,,
1266,7/8/17,6:02:00,15.5,,
1267,7/8/17,7:02:00,15.5,,
1268,7/8/17,8:02:00,15.5,,
1269,7/8/17,9:02:00,16,,
1270,7/8/17,10:02:00,16.5,,
1271,7/8/17,11:02:00,17,,
1272,7/8/17,12:02:00,17.5,,
1273,7/8/17,13:02:00,18,,
1274,7/8/17,14:02:00,18.5,,
1275,7/8/17,15:02:00,19.5,,
1276,7/8/17,16:02:00,19,,
1277,7/8/17,17:02:00,17,,
1278,7/8/17,18:02:00,15.5,,
1279,7/8/17,19:02:00,15.5,,
1280,7/8/17,20:02:00,15.5,,
1281,7/8/17,21:02:00,15,,
1282,7/8/17,22:02:00,14,,
1283,7/8/17,23:02:00,13.5,,
1284,7/9/17,0:02:00,13,,
1285,7/9/17,1:02:00,12,,
1286,7/9/17,2:02:00,12,,
1287,7/9/17,3:02:00,11.5,,
1288,7/9/17,4:02:00,11.5,,
1289,7/9/17,5:02:00,11,,
1290,7/9/17,6:02:00,10.5,,
1291,7/9/17,7:02:00,10.5,,
1292,7/9/17,8:02:00,11.5,,
1293,7/9/17,9:02:00,13,,
1294,7/9/17,10:02:00,13.5,,
1295,7/9/17,11:02:00,14.5,,
1296,7/9/17,12:02:00,16.5,,
1297,7/9/17,13:02:00,17,,
1298,7/9/17,14:02:00,18,,
1299,7/9/17,15:02:00,18.5,,
1300,7/9/17,16:02:00,19,,
1301,7/9/17,17:02:00,19,,
1302,7/9/17,18:02:00,18.5,,
1303,7/9/17,19:02:00,18,,
1304,7/9/17,20:02:00,17,,
1305,7/9/17,21:02:00,16,,
1306,7/9/17,22:02:00,15,,
1307,7/9/17,23:02:00,14,,
1308,7/10/17,0:02:00,13,,
1309,7/10/17,1:02:00,12.5,,
1310,7/10/17,2:02:00,11.5,,
1311,7/10/17,3:02:00,11,,
1312,7/10/17,4:02:00,11,,
1313,7/10/17,5:02:00,10.5,,
1314,7/10/17,6:02:00,10,,
1315,7/10/17,7:02:00,10,,
1316,7/10/17,8:02:00,12,,
1317,7/10/17,9:02:00,15,,
1318,7/10/17,10:02:00,16.5,,
1319,7/10/17,11:02:00,18,,
1320,7/10/17,12:02:00,19.5,,
1321,7/10/17,13:02:00,21,,
1322,7/10/17,14:02:00,21,,
1323,7/10/17,15:02:00,20,,
1324,7/10/17,16:02:00,20.5,,
1325,7/10/17,17:02:00,19.5,,
1326,7/10/17,18:02:00,19.5,,
1327,7/10/17,19:02:00,17.5,,
1328,7/10/17,20:02:00,17.5,,
1329,7/10/17,21:02:00,17,,
1330,7/10/17,22:02:00,16.5,,
1331,7/10/17,23:02:00,16,,
1332,7/11/17,0:02:00,15.5,,
1333,7/11/17,1:02:00,15.5,,
1334,7/11/17,2:02:00,15.5,,
1335,7/11/17,3:02:00,15.5,,
1336,7/11/17,4:02:00,16,,
1337,7/11/17,5:02:00,16.5,,
1338,7/11/17,6:02:00,16.5,,
1339,7/11/17,7:02:00,17,,
1340,7/11/17,8:02:00,17.5,,
1341,7/11/17,9:02:00,17.5,,
1342,7/11/17,10:02:00,17.5,,
1343,7/11/17,11:02:00,19,,
1344,7/11/17,12:02:00,20,,
1345,7/11/17,13:02:00,22,,
1346,7/11/17,14:02:00,22,,
1347,7/11/17,15:02:00,21.5,,
1348,7/11/17,16:02:00,22,,
1349,7/11/17,17:02:00,22.5,,
1350,7/11/17,18:02:00,21,,
1351,7/11/17,19:02:00,18.5,,
1352,7/11/17,20:02:00,19,,
1353,7/11/17,21:02:00,19,,
1354,7/11/17,22:02:00,18.5,,
1355,7/11/17,23:02:00,18.5,,
1356,7/12/17,0:02:00,18,,
1357,7/12/17,1:02:00,18,,
1358,7/12/17,2:02:00,18.5,,
1359,7/12/17,3:02:00,18.5,,
1360,7/12/17,4:02:00,17.5,,
1361,7/12/17,5:02:00,17.5,,
1362,7/12/17,6:02:00,18,,
1363,7/12/17,7:02:00,18.5,,
1364,7/12/17,8:02:00,19,,
1365,7/12/17,9:02:00,19.5,,
1366,7/12/17,10:02:00,19.5,,
1367,7/12/17,11:02:00,20,,
1368,7/12/17,12:02:00,21,,
1369,7/12/17,13:02:00,21.5,,
1370,7/12/17,14:02:00,20.5,,
1371,7/12/17,15:02:00,21.5,,
1372,7/12/17,16:02:00,22,,
1373,7/12/17,17:02:00,22,,
1374,7/12/17,18:02:00,22,,
1375,7/12/17,19:02:00,21.5,,
1376,7/12/17,20:02:00,20.5,,
1377,7/12/17,21:02:00,19.5,,
1378,7/12/17,22:02:00,18.5,,
1379,7/12/17,23:02:00,18,,
1380,7/13/17,0:02:00,17.5,,
1381,7/13/17,1:02:00,17.5,,
1382,7/13/17,2:02:00,17.5,,
1383,7/13/17,3:02:00,17.5,,
1384,7/13/17,4:02:00,17,,
1385,7/13/17,5:02:00,16.5,,
1386,7/13/17,6:02:00,17,,
1387,7/13/17,7:02:00,17.5,,
1388,7/13/17,8:02:00,19,,
1389,7/13/17,9:02:00,19.5,,
1390,7/13/17,10:02:00,20,,
1391,7/13/17,11:02:00,21.5,,
1392,7/13/17,12:02:00,21.5,,
1393,7/13/17,13:02:00,21.5,,
1394,7/13/17,14:02:00,22,,
1395,7/13/17,15:02:00,22,,
1396,7/13/17,16:02:00,22,,
1397,7/13/17,17:02:00,21,,
1398,7/13/17,18:02:00,21,,
1399,7/13/17,19:02:00,21,,
1400,7/13/17,20:02:00,20.5,,
1401,7/13/17,21:02:00,20,,
1402,7/13/17,22:02:00,19.5,,
1403,7/13/17,23:02:00,19,,
1404,7/14/17,0:02:00,19,,
1405,7/14/17,1:02:00,18.5,,
1406,7/14/17,2:02:00,18.5,,
1407,7/14/17,3:02:00,18,,
1408,7/14/17,4:02:00,18.5,,
1409,7/14/17,5:02:00,19,,
1410,7/14/17,6:02:00,19,,
1411,7/14/17,7:02:00,19,,
1412,7/14/17,8:02:00,18.5,,
1413,7/14/17,9:02:00,19.5,,
1414,7/14/17,10:02:00,20,,
1415,7/14/17,11:02:00,20,,
1416,7/14/17,12:02:00,20.5,,
1417,7/14/17,13:02:00,21,,
1418,7/14/17,14:02:00,20.5,,
1419,7/14/17,15:02:00,20,,
1420,7/14/17,16:02:00,19.5,,
1421,7/14/17,17:02:00,20,,
1422,7/14/17,18:02:00,20.5,,
1423,7/14/17,19:02:00,20,,
1424,7/14/17,20:02:00,20,,
1425,7/14/17,21:02:00,19.5,,
1426,7/14/17,22:02:00,19,,
1427,7/14/17,23:02:00,19,,
1428,7/15/17,0:02:00,19,,
1429,7/15/17,1:02:00,18.5,,
1430,7/15/17,2:02:00,17.5,,
1431,7/15/17,3:02:00,17.5,,
1432,7/15/17,4:02:00,17.5,,
1433,7/15/17,5:02:00,17.5,,
1434,7/15/17,6:02:00,17,,
1435,7/15/17,7:02:00,17,,
1436,7/15/17,8:02:00,17.5,,
1437,7/15/17,9:02:00,17.5,,
1438,7/15/17,10:02:00,17.5,,
1439,7/15/17,11:02:00,18,,
1440,7/15/17,12:02:00,18.5,,
1441,7/15/17,13:02:00,19,,
1442,7/15/17,14:02:00,20,,
1443,7/15/17,15:02:00,20,,
1444,7/15/17,16:02:00,20,,
1445,7/15/17,17:02:00,20,,
1446,7/15/17,18:02:00,19.5,,
1447,7/15/17,19:02:00,19,,
1448,7/15/17,20:02:00,18.5,,
1449,7/15/17,21:02:00,17,,
1450,7/15/17,22:02:00,15.5,,
1451,7/15/17,23:02:00,15,,
1452,7/16/17,0:02:00,14,,
1453,7/16/17,1:02:00,14.5,,
1454,7/16/17,2:02:00,14,,
1455,7/16/17,3:02:00,13.5,,
1456,7/16/17,4:02:00,13,,
1457,7/16/17,5:02:00,12.5,,
1458,7/16/17,6:02:00,12,,
1459,7/16/17,7:02:00,12,,
1460,7/16/17,8:02:00,13,,
1461,7/16/17,9:02:00,15.5,,
1462,7/16/17,10:02:00,17.5,,
1463,7/16/17,11:02:00,18.5,,
1464,7/16/17,12:02:00,19,,
1465,7/16/17,13:02:00,20,,
1466,7/16/17,14:02:00,20.5,,
1467,7/16/17,15:02:00,21.5,,
1468,7/16/17,16:02:00,21.5,,
1469,7/16/17,17:02:00,21,,
1470,7/16/17,18:02:00,21,,
1471,7/16/17,19:02:00,20,,
1472,7/16/17,20:02:00,19,,
1473,7/16/17,21:02:00,18,,
1474,7/16/17,22:02:00,18,,
1475,7/16/17,23:02:00,17.5,,
1476,7/17/17,0:02:00,17,,
1477,7/17/17,1:02:00,17,,
1478,7/17/17,2:02:00,16.5,,
1479,7/17/17,3:02:00,16,,
1480,7/17/17,4:02:00,16,,
1481,7/17/17,5:02:00,15.5,,
1482,7/17/17,6:02:00,15.5,,
1483,7/17/17,7:02:00,15,,
1484,7/17/17,8:02:00,16,,
1485,7/17/17,9:02:00,18,,
1486,7/17/17,10:02:00,20,,
1487,7/17/17,11:02:00,21,,
1488,7/17/17,12:02:00,22,,
1489,7/17/17,13:02:00,23,,
1490,7/17/17,14:02:00,23,,
1491,7/17/17,15:02:00,23.5,,
1492,7/17/17,16:02:00,22,,
1493,7/17/17,17:02:00,22.5,,
1494,7/17/17,18:02:00,23,,
1495,7/17/17,19:02:00,21.5,,
1496,7/17/17,20:02:00,20.5,,
1497,7/17/17,21:02:00,19.5,,
1498,7/17/17,22:02:00,19,,
1499,7/17/17,23:02:00,18,,
1500,7/18/17,0:02:00,18,,
1501,7/18/17,1:02:00,17,,
1502,7/18/17,2:02:00,16.5,,
1503,7/18/17,3:02:00,16,,
1504,7/18/17,4:02:00,15.5,,
1505,7/18/17,5:02:00,15,,
1506,7/18/17,6:02:00,14.5,,
1507,7/18/17,7:02:00,15,,
1508,7/18/17,8:02:00,16,,
1509,7/18/17,9:02:00,18,,
1510,7/18/17,10:02:00,20.5,,
1511,7/18/17,11:02:00,21.5,,
1512,7/18/17,12:02:00,22.5,,
1513,7/18/17,13:02:00,23,,
1514,7/18/17,14:02:00,24,,
1515,7/18/17,15:02:00,24.5,,
1516,7/18/17,16:02:00,24.5,,
1517,7/18/17,17:02:00,24,,
1518,7/18/17,18:02:00,23.5,,
1519,7/18/17,19:02:00,22.5,,
1520,7/18/17,20:02:00,21.5,,
1521,7/18/17,21:02:00,21,,
1522,7/18/17,22:02:00,20,,
1523,7/18/17,23:02:00,19,,
1524,7/19/17,0:02:00,18,,
1525,7/19/17,1:02:00,17.5,,
1526,7/19/17,2:02:00,17,,
1527,7/19/17,3:02:00,16.5,,
1528,7/19/17,4:02:00,16,,
1529,7/19/17,5:02:00,15,,
1530,7/19/17,6:02:00,14.5,,
1531,7/19/17,7:02:00,14.5,,
1532,7/19/17,8:02:00,15.5,,
1533,7/19/17,9:02:00,18,,
1534,7/19/17,10:02:00,21,,
1535,7/19/17,11:02:00,22,,
1536,7/19/17,12:02:00,22.5,,
1537,7/19/17,13:02:00,23.5,,
1538,7/19/17,14:02:00,24.5,,
1539,7/19/17,15:02:00,23.5,,
1540,7/19/17,16:02:00,24.5,,
1541,7/19/17,17:02:00,24.5,,
1542,7/19/17,18:02:00,24,,
1543,7/19/17,19:02:00,23,,
1544,7/19/17,20:02:00,22,,
1545,7/19/17,21:02:00,21,,
1546,7/19/17,22:02:00,20,,
1547,7/19/17,23:02:00,19,,
1548,7/20/17,0:02:00,18.5,,
1549,7/20/17,1:02:00,18,,
1550,7/20/17,2:02:00,17.5,,
1551,7/20/17,3:02:00,17.5,,
1552,7/20/17,4:02:00,17,,
1553,7/20/17,5:02:00,16.5,,
1554,7/20/17,6:02:00,16.5,,
1555,7/20/17,7:02:00,16.5,,
1556,7/20/17,8:02:00,18,,
1557,7/20/17,9:02:00,20,,
1558,7/20/17,10:02:00,21.5,,
1559,7/20/17,11:02:00,22.5,,
1560,7/20/17,12:02:00,23.5,,
1561,7/20/17,13:02:00,24,,
1562,7/20/17,14:02:00,25,,
1563,7/20/17,15:02:00,25,,
1564,7/20/17,16:02:00,24,,
1565,7/20/17,17:02:00,24,,
1566,7/20/17,18:02:00,23.5,,
1567,7/20/17,19:02:00,22.5,,
1568,7/20/17,20:02:00,22,,
1569,7/20/17,21:02:00,22,,
1570,7/20/17,22:02:00,21,,
1571,7/20/17,23:02:00,20.5,,
1572,7/21/17,0:02:00,20,,
1573,7/21/17,1:02:00,20,,
1574,7/21/17,2:02:00,20,,
1575,7/21/17,3:02:00,19.5,,
1576,7/21/17,4:02:00,19.5,,
1577,7/21/17,5:02:00,19.5,,
1578,7/21/17,6:02:00,19.5,,
1579,7/21/17,7:02:00,20,,
1580,7/21/17,8:02:00,20.5,,
1581,7/21/17,9:02:00,21.5,,
1582,7/21/17,10:02:00,22.5,,
1583,7/21/17,11:02:00,23,,
1584,7/21/17,12:02:00,24,,
1585,7/21/17,13:02:00,24.5,,
1586,7/21/17,14:02:00,25.5,,
1587,7/21/17,15:02:00,24.5,,
1588,7/21/17,16:02:00,23.5,,
1589,7/21/17,17:02:00,23.5,,
1590,7/21/17,18:02:00,23.5,,
1591,7/21/17,19:02:00,23,,
1592,7/21/17,20:02:00,22.5,,
1593,7/21/17,21:02:00,21,,
1594,7/21/17,22:02:00,20.5,,
1595,7/21/17,23:02:00,20.5,,
1596,7/22/17,0:02:00,20,,
1597,7/22/17,1:02:00,20,,
1598,7/22/17,2:02:00,20,,
1599,7/22/17,3:02:00,19,,
1600,7/22/17,4:02:00,18,,
1601,7/22/17,5:02:00,18,,
1602,7/22/17,6:02:00,18.5,,
1603,7/22/17,7:02:00,19,,
1604,7/22/17,8:02:00,19,,
1605,7/22/17,9:02:00,20,,
1606,7/22/17,10:02:00,21,,
1607,7/22/17,11:02:00,22.5,,
1608,7/22/17,12:02:00,19,,
1609,7/22/17,13:02:00,19.5,,
1610,7/22/17,14:02:00,20,,
1611,7/22/17,15:02:00,19.5,,
1612,7/22/17,16:02:00,19.5,,
1613,7/22/17,17:02:00,19.5,,
1614,7/22/17,18:02:00,20.5,,
1615,7/22/17,19:02:00,20,,
1616,7/22/17,20:02:00,20,,
1617,7/22/17,21:02:00,19.5,,
1618,7/22/17,22:02:00,19,,
1619,7/22/17,23:02:00,19,,
1620,7/23/17,0:02:00,18.5,,
1621,7/23/17,1:02:00,19,,
1622,7/23/17,2:02:00,19,,
1623,7/23/17,3:02:00,19,,
1624,7/23/17,4:02:00,19,,
1625,7/23/17,5:02:00,19.5,,
1626,7/23/17,6:02:00,19,,
1627,7/23/17,7:02:00,19,,
1628,7/23/17,8:02:00,19.5,,
1629,7/23/17,9:02:00,20,,
1630,7/23/17,10:02:00,20,,
1631,7/23/17,11:02:00,20.5,,
1632,7/23/17,12:02:00,19.5,,
1633,7/23/17,13:02:00,20.5,,
1634,7/23/17,14:02:00,20,,
1635,7/23/17,15:02:00,19.5,,
1636,7/23/17,16:02:00,19.5,,
1637,7/23/17,17:02:00,20,,
1638,7/23/17,18:02:00,20,,
1639,7/23/17,19:02:00,20,,
1640,7/23/17,20:02:00,20,,
1641,7/23/17,21:02:00,19.5,,
1642,7/23/17,22:02:00,19.5,,
1643,7/23/17,23:02:00,18.5,,
1644,7/24/17,0:02:00,18.5,,
1645,7/24/17,1:02:00,18.5,,
1646,7/24/17,2:02:00,18,,
1647,7/24/17,3:02:00,17.5,,
1648,7/24/17,4:02:00,17,,
1649,7/24/17,5:02:00,17,,
1650,7/24/17,6:02:00,16.5,,
1651,7/24/17,7:02:00,16.5,,
1652,7/24/17,8:02:00,17,,
1653,7/24/17,9:02:00,17.5,,
1654,7/24/17,10:02:00,18.5,,
1655,7/24/17,11:02:00,19.5,,
1656,7/24/17,12:02:00,20,,
1657,7/24/17,13:02:00,21,,
1658,7/24/17,14:02:00,21.5,,
1659,7/24/17,15:02:00,21,,
1660,7/24/17,16:02:00,22,,
1661,7/24/17,17:02:00,21,,
1662,7/24/17,18:02:00,20.5,,
1663,7/24/17,19:02:00,20,,
1664,7/24/17,20:02:00,19.5,,
1665,7/24/17,21:02:00,18.5,,
1666,7/24/17,22:02:00,17.5,,
1667,7/24/17,23:02:00,17,,
1668,7/25/17,0:02:00,16,,
1669,7/25/17,1:02:00,15,,
1670,7/25/17,2:02:00,15,,
1671,7/25/17,3:02:00,13.5,,
1672,7/25/17,4:02:00,13,,
1673,7/25/17,5:02:00,13,,
1674,7/25/17,6:02:00,12,,
1675,7/25/17,7:02:00,12.5,,
1676,7/25/17,8:02:00,13.5,,
1677,7/25/17,9:02:00,14,,
1678,7/25/17,10:02:00,14,,
1679,7/25/17,11:02:00,14.5,,
1680,7/25/17,12:02:00,15,,
1681,7/25/17,13:02:00,15.5,,
1682,7/25/17,14:02:00,16,,
1683,7/25/17,15:02:00,16,,
1684,7/25/17,16:02:00,16.5,,
1685,7/25/17,17:02:00,16.5,,
1686,7/25/17,18:02:00,16.5,,
1687,7/25/17,19:02:00,16.5,,
1688,7/25/17,20:02:00,16,,
1689,7/25/17,21:02:00,14.5,,
1690,7/25/17,22:02:00,13.5,,
1691,7/25/17,23:02:00,13.5,,
1692,7/26/17,0:02:00,13.5,,
1693,7/26/17,1:02:00,13,,
1694,7/26/17,2:02:00,11.5,,
1695,7/26/17,3:02:00,11,,
1696,7/26/17,4:02:00,10,,
1697,7/26/17,5:02:00,9.5,,
1698,7/26/17,6:02:00,9,,
1699,7/26/17,7:02:00,9,,
1700,7/26/17,8:02:00,11,,
1701,7/26/17,9:02:00,14,,
1702,7/26/17,10:02:00,15.5,,
1703,7/26/17,11:02:00,16.5,,
1704,7/26/17,12:02:00,18,,
1705,7/26/17,13:02:00,19.5,,
1706,7/26/17,14:02:00,21,,
1707,7/26/17,15:02:00,21.5,,
1708,7/26/17,16:02:00,21.5,,
1709,7/26/17,17:02:00,21,,
1710,7/26/17,18:02:00,20.5,,
1711,7/26/17,19:02:00,19.5,,
1712,7/26/17,20:02:00,19,,
1713,7/26/17,21:02:00,18.5,,
1714,7/26/17,22:02:00,17.5,,
1715,7/26/17,23:02:00,17,,
1716,7/27/17,0:02:00,16,,
1717,7/27/17,1:02:00,15.5,,
1718,7/27/17,2:02:00,15,,
1719,7/27/17,3:02:00,14.5,,
1720,7/27/17,4:02:00,14.5,,
1721,7/27/17,5:02:00,14,,
1722,7/27/17,6:02:00,14,,
1723,7/27/17,7:02:00,14,,
1724,7/27/17,8:02:00,15,,
1725,7/27/17,9:02:00,17,,
1726,7/27/17,10:02:00,19,,
1727,7/27/17,11:02:00,20,,
1728,7/27/17,12:02:00,21,,
1729,7/27/17,13:02:00,21,,
1730,7/27/17,14:02:00,22,,
1731,7/27/17,15:02:00,22.5,,
1732,7/27/17,16:02:00,22,,
1733,7/27/17,17:02:00,21.5,,
1734,7/27/17,18:02:00,19.5,,
1735,7/27/17,19:02:00,19,,
1736,7/27/17,20:02:00,19.5,,
1737,7/27/17,21:02:00,19,,
1738,7/27/17,22:02:00,18.5,,
1739,7/27/17,23:02:00,18.5,,
1740,7/28/17,0:02:00,18,,
1741,7/28/17,1:02:00,18,,
1742,7/28/17,2:02:00,17,,
1743,7/28/17,3:02:00,16.5,,
1744,7/28/17,4:02:00,16,,
1745,7/28/17,5:02:00,16,,
1746,7/28/17,6:02:00,15.5,,
1747,7/28/17,7:02:00,15.5,,
1748,7/28/17,8:02:00,16,,
1749,7/28/17,9:02:00,17,,
1750,7/28/17,10:02:00,17.5,,
1751,7/28/17,11:02:00,18,,
1752,7/28/17,12:02:00,18,,
1753,7/28/17,13:02:00,18.5,,
1754,7/28/17,14:02:00,19,,
1755,7/28/17,15:02:00,19,,
1756,7/28/17,16:02:00,19,,
1757,7/28/17,17:02:00,19.5,,
1758,7/28/17,18:02:00,19,,
1759,7/28/17,19:02:00,19,,
1760,7/28/17,20:02:00,17.5,,
1761,7/28/17,21:02:00,16.5,,
1762,7/28/17,22:02:00,16.5,,
1763,7/28/17,23:02:00,16.5,,
1764,7/29/17,0:02:00,16.5,,
1765,7/29/17,1:02:00,16.5,,
1766,7/29/17,2:02:00,16,,
1767,7/29/17,3:02:00,16,,
1768,7/29/17,4:02:00,15.5,,
1769,7/29/17,5:02:00,15,,
1770,7/29/17,6:02:00,13.5,,
1771,7/29/17,7:02:00,13,,
1772,7/29/17,8:02:00,13,,
1773,7/29/17,9:02:00,13,,
1774,7/29/17,10:02:00,13.5,,
1775,7/29/17,11:02:00,14,,
1776,7/29/17,12:02:00,14.5,,
1777,7/29/17,13:02:00,16,,
1778,7/29/17,14:02:00,17,,
1779,7/29/17,15:02:00,16.5,,
1780,7/29/17,16:02:00,16.5,,
1781,7/29/17,17:02:00,16,,
1782,7/29/17,18:02:00,16,,
1783,7/29/17,19:02:00,16,,
1784,7/29/17,20:02:00,15,,
1785,7/29/17,21:02:00,12.5,,
1786,7/29/17,22:02:00,11.5,,
1787,7/29/17,23:02:00,11,,
1788,7/30/17,0:02:00,10,,
1789,7/30/17,1:02:00,9.5,,
1790,7/30/17,2:02:00,9,,
1791,7/30/17,3:02:00,8,,
1792,7/30/17,4:02:00,7.5,,
1793,7/30/17,5:02:00,7,,
1794,7/30/17,6:02:00,6,,
1795,7/30/17,7:02:00,6,,
1796,7/30/17,8:02:00,8,,
1797,7/30/17,9:02:00,11,,
1798,7/30/17,10:02:00,14,,
1799,7/30/17,11:02:00,15,,
1800,7/30/17,12:02:00,17,,
1801,7/30/17,13:02:00,18.5,,
1802,7/30/17,14:02:00,19,,
1803,7/30/17,15:02:00,19.5,,
1804,7/30/17,16:02:00,20,,
1805,7/30/17,17:02:00,20,,
1806,7/30/17,18:02:00,19,,
1807,7/30/17,19:02:00,19,,
1808,7/30/17,20:02:00,18.5,,
1809,7/30/17,21:02:00,17,,
1810,7/30/17,22:02:00,16.5,,
1811,7/30/17,23:02:00,15.5,,
1812,7/31/17,0:02:00,15,,
1813,7/31/17,1:02:00,14,,
1814,7/31/17,2:02:00,13.5,,
1815,7/31/17,3:02:00,13,,
1816,7/31/17,4:02:00,12.5,,
1817,7/31/17,5:02:00,12,,
1818,7/31/17,6:02:00,11.5,,
1819,7/31/17,7:02:00,11.5,,
1820,7/31/17,8:02:00,12.5,,
1821,7/31/17,9:02:00,15,,
1822,7/31/17,10:02:00,18,,
1823,7/31/17,11:02:00,19,,
1824,7/31/17,12:02:00,19.5,,
1825,7/31/17,13:02:00,20.5,,
1826,7/31/17,14:02:00,21,,
1827,7/31/17,15:02:00,20.5,,
1828,7/31/17,16:02:00,21.5,,
1829,7/31/17,17:02:00,21,,
1830,7/31/17,18:02:00,20,,
1831,7/31/17,19:02:00,19,,
1832,7/31/17,20:02:00,18,,
1833,7/31/17,21:02:00,16,,
1834,7/31/17,22:02:00,14.5,,
1835,7/31/17,23:02:00,14,,
1836,8/1/17,0:02:00,13,,
1837,8/1/17,1:02:00,12.5,,
1838,8/1/17,2:02:00,12,,
1839,8/1/17,3:02:00,11.5,,
1840,8/1/17,4:02:00,11,,
1841,8/1/17,5:02:00,11,,
1842,8/1/17,6:02:00,10.5,,
1843,8/1/17,7:02:00,10.5,,
1844,8/1/17,8:02:00,12,,
1845,8/1/17,9:02:00,14.5,,
1846,8/1/17,10:02:00,18,,
1847,8/1/17,11:02:00,19.5,,
1848,8/1/17,12:02:00,20.5,,
1849,8/1/17,13:02:00,20.5,,
1850,8/1/17,14:02:00,20,,
1851,8/1/17,15:02:00,20,,
1852,8/1/17,16:02:00,20.5,,
1853,8/1/17,17:02:00,18,,
1854,8/1/17,18:02:00,17,,
1855,8/1/17,19:02:00,16.5,,
1856,8/1/17,20:02:00,16,,
1857,8/1/17,21:02:00,15.5,,
1858,8/1/17,22:02:00,15.5,,
1859,8/1/17,23:02:00,15,,
1860,8/2/17,0:02:00,15,,
1861,8/2/17,1:02:00,15,,
1862,8/2/17,2:02:00,14,,
1863,8/2/17,3:02:00,13.5,,
1864,8/2/17,4:02:00,13,,
1865,8/2/17,5:02:00,12.5,,
1866,8/2/17,6:02:00,12.5,,
1867,8/2/17,7:02:00,12,,
1868,8/2/17,8:02:00,13,,
1869,8/2/17,9:02:00,15,,
1870,8/2/17,10:02:00,18,,
1871,8/2/17,11:02:00,18.5,,
1872,8/2/17,12:02:00,18.5,,
1873,8/2/17,13:02:00,20,,
1874,8/2/17,14:02:00,20.5,,
1875,8/2/17,15:02:00,20.5,,
1876,8/2/17,16:02:00,21.5,,
1877,8/2/17,17:02:00,20.5,,
1878,8/2/17,18:02:00,20.5,,
1879,8/2/17,19:02:00,19.5,,
1880,8/2/17,20:02:00,18.5,,
1881,8/2/17,21:02:00,17,,
1882,8/2/17,22:02:00,16,,
1883,8/2/17,23:02:00,15,,
1884,8/3/17,0:02:00,14.5,,
1885,8/3/17,1:02:00,14,,
1886,8/3/17,2:02:00,13.5,,
1887,8/3/17,3:02:00,13.5,,
1888,8/3/17,4:02:00,13.5,,
1889,8/3/17,5:02:00,13.5,,
1890,8/3/17,6:02:00,13.5,,
1891,8/3/17,7:02:00,14,,
1892,8/3/17,8:02:00,14.5,,
1893,8/3/17,9:02:00,16.5,,
1894,8/3/17,10:02:00,19,,
1895,8/3/17,11:02:00,19.5,,
1896,8/3/17,12:02:00,20.5,,
1897,8/3/17,13:02:00,21,,
1898,8/3/17,14:02:00,22,,
1899,8/3/17,15:02:00,21,,
1900,8/3/17,16:02:00,21,,
1901,8/3/17,17:02:00,21,,
1902,8/3/17,18:02:00,17.5,,
1903,8/3/17,19:02:00,18.5,,
1904,8/3/17,20:02:00,18,,
1905,8/3/17,21:02:00,17,,
1906,8/3/17,22:02:00,16,,
1907,8/3/17,23:02:00,15.5,,
1908,8/4/17,0:02:00,15,,
1909,8/4/17,1:02:00,15,,
1910,8/4/17,2:02:00,14.5,,
1911,8/4/17,3:02:00,14,,
1912,8/4/17,4:02:00,13.5,,
1913,8/4/17,5:02:00,13.5,,
1914,8/4/17,6:02:00,13.5,,
1915,8/4/17,7:02:00,13,,
1916,8/4/17,8:02:00,14,,
1917,8/4/17,9:02:00,17,,
1918,8/4/17,10:02:00,19.5,,
1919,8/4/17,11:02:00,19.5,,
1920,8/4/17,12:02:00,20,,
1921,8/4/17,13:02:00,21,,
1922,8/4/17,14:02:00,21.5,,
1923,8/4/17,15:02:00,20,,
1924,8/4/17,16:02:00,17,,
1925,8/4/17,17:02:00,17,,
1926,8/4/17,18:02:00,18,,
1927,8/4/17,19:02:00,18.5,,
1928,8/4/17,20:02:00,18,,
1929,8/4/17,21:02:00,17.5,,
1930,8/4/17,22:02:00,16.5,,
1931,8/4/17,23:02:00,16.5,,
1932,8/5/17,0:02:00,16.5,,
1933,8/5/17,1:02:00,16.5,,
1934,8/5/17,2:02:00,16,,
1935,8/5/17,3:02:00,15,,
1936,8/5/17,4:02:00,14.5,,
1937,8/5/17,5:02:00,13,,
1938,8/5/17,6:02:00,12,,
1939,8/5/17,7:02:00,11.5,,
1940,8/5/17,8:02:00,11.5,,
1941,8/5/17,9:02:00,12,,
1942,8/5/17,10:02:00,12,,
1943,8/5/17,11:02:00,12.5,,
1944,8/5/17,12:02:00,14,,
1945,8/5/17,13:02:00,14.5,,
1946,8/5/17,14:02:00,15,,
1947,8/5/17,15:02:00,16,,
1948,8/5/17,16:02:00,16.5,,
1949,8/5/17,17:02:00,16,,
1950,8/5/17,18:02:00,15.5,,
1951,8/5/17,19:02:00,15.5,,
1952,8/5/17,20:02:00,15,,
1953,8/5/17,21:02:00,14,,
1954,8/5/17,22:02:00,14,,
1955,8/5/17,23:02:00,13.5,,
1956,8/6/17,0:02:00,13.5,,
1957,8/6/17,1:02:00,13.5,,
1958,8/6/17,2:02:00,13.5,,
1959,8/6/17,3:02:00,13.5,,
1960,8/6/17,4:02:00,12.5,,
1961,8/6/17,5:02:00,12.5,,
1962,8/6/17,6:02:00,12,,
1963,8/6/17,7:02:00,12,,
1964,8/6/17,8:02:00,13,,
1965,8/6/17,9:02:00,14,,
1966,8/6/17,10:02:00,15,,
1967,8/6/17,11:02:00,17,,
1968,8/6/17,12:02:00,17,,
1969,8/6/17,13:02:00,18,,
1970,8/6/17,14:02:00,18.5,,
1971,8/6/17,15:02:00,17.5,,
1972,8/6/17,16:02:00,17.5,,
1973,8/6/17,17:02:00,16.5,,
1974,8/6/17,18:02:00,16.5,,
1975,8/6/17,19:02:00,16.5,,
1976,8/6/17,20:02:00,16.5,,
1977,8/6/17,21:02:00,16,,
1978,8/6/17,22:02:00,15.5,,
1979,8/6/17,23:02:00,15.5,,
1980,8/7/17,0:02:00,15.5,,
1981,8/7/17,1:02:00,15,,
1982,8/7/17,2:02:00,15,,
1983,8/7/17,3:02:00,15,,
1984,8/7/17,4:02:00,15,,
1985,8/7/17,5:02:00,15,,
1986,8/7/17,6:02:00,15,,
1987,8/7/17,7:02:00,15,,
1988,8/7/17,8:02:00,15,,
1989,8/7/17,9:02:00,15,,
1990,8/7/17,10:02:00,15,,
1991,8/7/17,11:02:00,16,,
1992,8/7/17,12:02:00,16,,
1993,8/7/17,13:02:00,16.5,,
1994,8/7/17,14:02:00,17,,
1995,8/7/17,15:02:00,17.5,,
1996,8/7/17,16:02:00,18,,
1997,8/7/17,17:02:00,17.5,,
1998,8/7/17,18:02:00,17.5,,
1999,8/7/17,19:02:00,17.5,,
2000,8/7/17,20:02:00,17,,
2001,8/7/17,21:02:00,17,,
2002,8/7/17,22:02:00,16.5,,
2003,8/7/17,23:02:00,16,,
2004,8/8/17,0:02:00,16,,
2005,8/8/17,1:02:00,15.5,,
2006,8/8/17,2:02:00,15,,
2007,8/8/17,3:02:00,15,,
2008,8/8/17,4:02:00,14.5,,
2009,8/8/17,5:02:00,14.5,,
2010,8/8/17,6:02:00,14,,
2011,8/8/17,7:02:00,14,,
2012,8/8/17,8:02:00,14,,
2013,8/8/17,9:02:00,14.5,,
2014,8/8/17,10:02:00,15,,
2015,8/8/17,11:02:00,15.5,,
2016,8/8/17,12:02:00,16.5,,
2017,8/8/17,13:02:00,17,,
2018,8/8/17,14:02:00,18,,
2019,8/8/17,15:02:00,18.5,,
2020,8/8/17,16:02:00,18,,
2021,8/8/17,17:02:00,18,,
2022,8/8/17,18:02:00,17,,
2023,8/8/17,19:02:00,16,,
2024,8/8/17,20:02:00,14.5,,
2025,8/8/17,21:02:00,12,,
2026,8/8/17,22:02:00,11,,
2027,8/8/17,23:02:00,10,,
2028,8/9/17,0:02:00,9.5,,
2029,8/9/17,1:02:00,8.5,,
2030,8/9/17,2:02:00,8,,
2031,8/9/17,3:02:00,7.5,,
2032,8/9/17,4:02:00,7,,
2033,8/9/17,5:02:00,6.5,,
2034,8/9/17,6:02:00,6,,
2035,8/9/17,7:02:00,6,,
2036,8/9/17,8:02:00,7,,
2037,8/9/17,9:02:00,10,,
2038,8/9/17,10:02:00,14,,
2039,8/9/17,11:02:00,15.5,,
2040,8/9/17,12:02:00,17,,
2041,8/9/17,13:02:00,18,,
2042,8/9/17,14:02:00,18.5,,
2043,8/9/17,15:02:00,19,,
2044,8/9/17,16:02:00,18.5,,
2045,8/9/17,17:02:00,18,,
2046,8/9/17,18:02:00,17.5,,
2047,8/9/17,19:02:00,17,,
2048,8/9/17,20:02:00,16,,