doy,Month,Day,Year,date,Tmax_f,Tmin_f,RainEq_in,SnowEtc,SnowOnGround,Snowpack,Remarks,Fog
1,1,1,2017 ,2017-1-1,45,18,0.000 ,0.000 ,2.000 ,,,0
2,1,2,2017 ,2017-1-2,42,31,0.420 ,0.000 ,0.001 ,,,1
3,1,3,2017 ,2017-1-3,37,34,0.300 ,0.000 ,0.000 ,,,1
4,1,4,2017 ,2017-1-4,48,34,0.510 ,0.000 ,0.000 ,,Windy,1
5,1,5,2017 ,2017-1-5,41,15,0.000 ,0.000 ,0.000 ,,,0
6,1,6,2017 ,2017-1-6,25,11,0.080 ,3.200 ,3.000 ,,,0
7,1,7,2017 ,2017-1-7,16,7,0.001 ,0.001 ,2.000 ,,,0
8,1,8,2017 ,2017-1-8,12,3,0.001 ,0.300 ,2.000 ,,Windy,0
9,1,9,2017 ,2017-1-9,11,2,0.000 ,0.000 ,2.000 ,,,0
10,1,10,2017 ,2017-1-10,20,6,0.110 ,1.900 ,4.000 ,,,0
11,1,11,2017 ,2017-1-11,44,15,0.001 ,0.001 ,1.000 ,,,0
12,1,12,2017 ,2017-1-12,58,40,0.670 ,0.000 ,0.000 ,,,0
13,1,13,2017 ,2017-1-13,63,32,0.040 ,0.000 ,0.000 ,,,0
14,1,14,2017 ,2017-1-14,38,27,0.020 ,0.000 ,0.000 ,,,0
15,1,15,2017 ,2017-1-15,33,26,0.170 ,0.000 ,0.000 ,,,1
16,1,16,2017 ,2017-1-16,37,27,0.000 ,0.000 ,0.000 ,,,0
17,1,17,2017 ,2017-1-17,38,30,0.030 ,0.000 ,0.000 ,,,0
18,1,18,2017 ,2017-1-18,54,35,0.420 ,0.000 ,0.000 ,,,1
19,1,19,2017 ,2017-1-19,43,35,0.010 ,0.000 ,0.000 ,,,0
20,1,20,2017 ,2017-1-20,46,32,0.001 ,0.000 ,0.000 ,,,0
21,1,21,2017 ,2017-1-21,44,34,0.100 ,0.000 ,0.000 ,,,1
22,1,22,2017 ,2017-1-22,58,38,0.001 ,0.000 ,0.000 ,,,1
23,1,23,2017 ,2017-1-23,46,38,0.900 ,0.000 ,0.000 ,,,1
24,1,24,2017 ,2017-1-24,39,29,1.470 ,5.100 ,5.000 ,1.500 ,,1
25,1,25,2017 ,2017-1-25,36,31,0.040 ,0.001 ,3.000 ,,Windy,0
26,1,26,2017 ,2017-1-26,55,34,0.040 ,0.000 ,0.001 ,,,0
27,1,27,2017 ,2017-1-27,37,25,0.030 ,0.400 ,0.001 ,,,0
28,1,28,2017 ,2017-1-28,27,24,0.060 ,1.100 ,1.000 ,,,0
29,1,29,2017 ,2017-1-29,31,24,0.001 ,0.001 ,1.000 ,,,0
30,1,30,2017 ,2017-1-30,29,20,0.060 ,1.500 ,2.000 ,,,0
31,1,31,2017 ,2017-1-31,25,13,0.120 ,1.900 ,4.000 ,,,0
32,2,1,2017 ,2017-2-1,37,18,0.050 ,0.400 ,3.000 ,,,0
33,2,2,2017 ,2017-2-2,33,26,0.060 ,0.400 ,3.000 ,,Phil saw his shadow!,0
34,2,3,2017 ,2017-2-3,33,15,0.000 ,0.000 ,3.000 ,,,0
35,2,4,2017 ,2017-2-4,26,10,0.001 ,0.001 ,3.000 ,,,0
36,2,5,2017 ,2017-2-5,32,10,0.000 ,0.000 ,2.000 ,,,0
37,2,6,2017 ,2017-2-6,39,30,0.000 ,0.000 ,1.000 ,,,0
38,2,7,2017 ,2017-2-7,52,29,0.330 ,0.000 ,0.000 ,,,1
39,2,8,2017 ,2017-2-8,67,45,0.270 ,0.000 ,0.000 ,,,1
40,2,9,2017 ,2017-2-9,52,20,0.290 ,1.900 ,2.000 ,,,0
41,2,10,2017 ,2017-2-10,22,10,0.060 ,1.300 ,3.000 ,,,0
42,2,11,2017 ,2017-2-11,45,9,0.000 ,0.000 ,1.000 ,,,0
43,2,12,2017 ,2017-2-12,56,43,0.380 ,0.000 ,0.000 ,,,1
44,2,13,2017 ,2017-2-13,58,25,0.550 ,0.100 ,0.001 ,,Very windy,1
45,2,14,2017 ,2017-2-14,36,23,0.000 ,0.000 ,0.000 ,,,0
46,2,15,2017 ,2017-2-15,45,23,0.000 ,0.000 ,0.000 ,,,0
47,2,16,2017 ,2017-2-16,36,21,0.001 ,0.500 ,1.000 ,,,0
48,2,17,2017 ,2017-2-17,27,17,0.001 ,0.001 ,0.001 ,,,0
49,2,18,2017 ,2017-2-18,49,25,0.000 ,0.000 ,0.000 ,,,0
50,2,19,2017 ,2017-2-19,65,45,0.000 ,0.000 ,0.000 ,,,0
51,2,20,2017 ,2017-2-20,55,43,0.000 ,0.000 ,0.000 ,,,0
52,2,21,2017 ,2017-2-21,62,37,0.000 ,0.000 ,0.000 ,,,0
53,2,22,2017 ,2017-2-22,55,36,0.000 ,0.000 ,0.000 ,,,0
54,2,23,2017 ,2017-2-23,66,43,0.000 ,0.000 ,0.000 ,,,0
55,2,24,2017 ,2017-2-24,69,49,0.000 ,0.000 ,0.000 ,,,0
56,2,25,2017 ,2017-2-25,75,50,0.000 ,0.000 ,0.000 ,,,0
57,2,26,2017 ,2017-2-26,58,24,0.000 ,0.000 ,0.000 ,,,0
58,2,27,2017 ,2017-2-27,38,22,0.000 ,0.000 ,0.000 ,,,0
59,2,28,2017 ,2017-2-28,46,29,0.200 ,0.000 ,0.000 ,,,0
60,3,1,2017 ,2017-3-1,55,34,0.930 ,0.000 ,0.000 ,,,1
61,3,2,2017 ,2017-3-2,59,28,0.740 ,0.001 ,0.001 ,,,0
62,3,3,2017 ,2017-3-3,37,19,0.130 ,1.900 ,2.000 ,,,0
63,3,4,2017 ,2017-3-4,29,15,0.020 ,0.500 ,1.000 ,,,0
64,3,5,2017 ,2017-3-5,30,10,0.000 ,0.000 ,0.001 ,,,0
65,3,6,2017 ,2017-3-6,38,11,0.000 ,0.000 ,0.001 ,,,0
66,3,7,2017 ,2017-3-7,45,27,0.140 ,0.000 ,0.000 ,,,0
67,3,8,2017 ,2017-3-8,51,34,0.430 ,0.000 ,0.000 ,,,0
68,3,9,2017 ,2017-3-9,55,35,0.000 ,0.000 ,0.000 ,,,0
69,3,10,2017 ,2017-3-10,61,31,0.260 ,1.600 ,2.000 ,,Dense Snow,0
70,3,11,2017 ,2017-3-11,31,12,0.100 ,1.500 ,3.000 ,,,0
71,3,12,2017 ,2017-3-12,23,8,0.000 ,0.000 ,2.000 ,,Begin EDT,0
72,3,13,2017 ,2017-3-13,30,11,0.000 ,0.000 ,1.000 ,,,0
73,3,14,2017 ,2017-3-14,41,14,0.560 ,7.600 ,8.000 ,,FSU Closed,0
74,3,15,2017 ,2017-3-15,29,9,0.090 ,0.500 ,8.000 ,,Very windy. Drifting.,0
75,3,16,2017 ,2017-3-16,22,9,0.020 ,1.500 ,7.000 ,,,0
76,3,17,2017 ,2017-3-17,30,18,0.001 ,0.001 ,5.000 ,,Crust on snow,0
77,3,18,2017 ,2017-3-18,41,20,0.100 ,0.300 ,4.000 ,,Mushy snow,1
78,3,19,2017 ,2017-3-19,41,30,0.120 ,0.100 ,3.000 ,,,1
79,3,20,2017 ,2017-3-20,41,30,0.000 ,0.000 ,1.000 ,,,0
80,3,21,2017 ,2017-3-21,52,30,0.001 ,0.000 ,0.000 ,,,0
81,3,22,2017 ,2017-3-22,53,22,0.000 ,0.000 ,0.000 ,,,0
82,3,23,2017 ,2017-3-23,37,14,0.000 ,0.000 ,0.000 ,,,0
83,3,24,2017 ,2017-3-24,47,15,0.160 ,0.000 ,0.000 ,,,0
84,3,25,2017 ,2017-3-25,71,32,0.110 ,0.000 ,0.000 ,,,0
85,3,26,2017 ,2017-3-26,70,45,0.000 ,0.000 ,0.000 ,,,1
86,3,27,2017 ,2017-3-27,45,41,0.530 ,0.000 ,0.000 ,,,1
87,3,28,2017 ,2017-3-28,69,42,0.300 ,0.000 ,0.000 ,,,1
88,3,29,2017 ,2017-3-29,62,43,0.180 ,0.000 ,0.000 ,,,0
89,3,30,2017 ,2017-3-30,59,36,0.000 ,0.000 ,0.000 ,,,0
90,3,31,2017 ,2017-3-31,51,36,0.230 ,0.000 ,0.000 ,,Foggy,1
91,4,1,2017 ,2017-4-1,49,38,0.670 ,0.000 ,0.000 ,,,1
92,4,2,2017 ,2017-4-2,40,31,0.001 ,0.000 ,0.000 ,,,0
93,4,3,2017 ,2017-4-3,58,32,0.000 ,0.000 ,0.000 ,,,0
94,4,4,2017 ,2017-4-4,68,39,0.320 ,0.000 ,0.000 ,,Light fog,1
95,4,5,2017 ,2017-4-5,68,42,0.030 ,0.000 ,0.000 ,,,1
96,4,6,2017 ,2017-4-6,67,42,0.110 ,0.000 ,0.000 ,,,1
97,4,7,2017 ,2017-4-7,52,30,0.510 ,0.100 ,0.001 ,,,1
98,4,8,2017 ,2017-4-8,35,29,0.001 ,0.001 ,0.000 ,,,0
99,4,9,2017 ,2017-4-9,55,31,0.000 ,0.000 ,0.000 ,,,0
100,4,10,2017 ,2017-4-10,72,34,0.000 ,0.000 ,0.000 ,,,0
101,4,11,2017 ,2017-4-11,78,48,0.000 ,0.000 ,0.000 ,,,0
102,4,12,2017 ,2017-4-12,78,52,0.010 ,0.000 ,0.000 ,,,0
103,4,13,2017 ,2017-4-13,68,41,0.000 ,0.000 ,0.000 ,,,0
104,4,14,2017 ,2017-4-14,65,41,0.000 ,0.000 ,0.000 ,,,0
105,4,15,2017 ,2017-4-15,71,41,0.000 ,0.000 ,0.000 ,,,0
106,4,16,2017 ,2017-4-16,80,44,0.080 ,0.000 ,0.000 ,,Happy Easter!,0
107,4,17,2017 ,2017-4-17,75,54,0.340 ,0.000 ,0.000 ,,,0
108,4,18,2017 ,2017-4-18,66,39,0.080 ,0.000 ,0.000 ,,,0
109,4,19,2017 ,2017-4-19,70,40,0.060 ,0.000 ,0.000 ,,,0
110,4,20,2017 ,2017-4-20,65,47,0.170 ,0.000 ,0.000 ,,,0
111,4,21,2017 ,2017-4-21,78,54,0.550 ,0.000 ,0.000 ,,,0
112,4,22,2017 ,2017-4-22,74,44,0.080 ,0.000 ,0.000 ,,,0
113,4,23,2017 ,2017-4-23,46,37,0.180 ,0.000 ,0.000 ,,,0
114,4,24,2017 ,2017-4-24,60,38,0.070 ,0.000 ,0.000 ,,,0
115,4,25,2017 ,2017-4-25,52,43,0.170 ,0.000 ,0.000 ,,,1
116,4,26,2017 ,2017-4-26,52,44,0.320 ,0.000 ,0.000 ,,,1
117,4,27,2017 ,2017-4-27,75,47,0.000 ,0.000 ,0.000 ,,,1
118,4,28,2017 ,2017-4-28,78,51,0.190 ,0.000 ,0.000 ,,,1
119,4,29,2017 ,2017-4-29,79,51,0.430 ,0.000 ,0.000 ,,,0
120,4,30,2017 ,2017-4-30,79,59,0.000 ,0.000 ,0.000 ,,,0
121,5,1,2017 ,2017-5-1,83,57,0.000 ,0.000 ,0.000 ,,,0
122,5,2,2017 ,2017-5-2,77,48,0.960 ,0.000 ,0.000 ,,Downpour from 8-9 P.M.,0
123,5,3,2017 ,2017-5-3,62,42,0.040 ,0.000 ,0.000 ,,,0
124,5,4,2017 ,2017-5-4,55,41,0.010 ,0.000 ,0.000 ,,,0
125,5,5,2017 ,2017-5-5,61,43,1.700 ,0.000 ,0.000 ,,Light fog,1
126,5,6,2017 ,2017-5-6,66,43,0.870 ,0.000 ,0.000 ,,Windy,1
127,5,7,2017 ,2017-5-7,47,36,0.150 ,0.000 ,0.000 ,,,0
128,5,8,2017 ,2017-5-8,53,29,0.000 ,0.000 ,0.000 ,,Beautiful Morning!,0
129,5,9,2017 ,2017-5-9,56,29,0.000 ,0.000 ,0.000 ,,,0
130,5,10,2017 ,2017-5-10,64,30,0.000 ,0.000 ,0.000 ,,,0
131,5,11,2017 ,2017-5-11,73,45,0.760 ,0.000 ,0.000 ,,Heavy Fog,1
132,5,12,2017 ,2017-5-12,47,41,1.150 ,0.000 ,0.000 ,,,1
133,5,13,2017 ,2017-5-13,44,41,0.790 ,0.000 ,0.000 ,,Foggy,1
134,5,14,2017 ,2017-5-14,56,42,0.001 ,0.000 ,0.000 ,,Happy Mother's Day!,1
135,5,15,2017 ,2017-5-15,70,40,0.000 ,0.000 ,0.000 ,,,0
136,5,16,2017 ,2017-5-16,67,42,0.000 ,0.000 ,0.000 ,,,0
137,5,17,2017 ,2017-5-17,82,42,0.000 ,0.000 ,0.000 ,,,0
138,5,18,2017 ,2017-5-18,86,60,0.000 ,0.000 ,0.000 ,,,0
139,5,19,2017 ,2017-5-19,84,61,0.000 ,0.000 ,0.000 ,,,0
140,5,20,2017 ,2017-5-20,82,61,0.001 ,0.000 ,0.000 ,,,0
141,5,21,2017 ,2017-5-21,63,51,0.060 ,0.000 ,0.000 ,,Light fog,1
142,5,22,2017 ,2017-5-22,57,51,0.030 ,0.000 ,0.000 ,,,1
143,5,23,2017 ,2017-5-23,70,47,0.000 ,0.000 ,0.000 ,,,0
144,5,24,2017 ,2017-5-24,59,48,0.210 ,0.000 ,0.000 ,,,0
145,5,25,2017 ,2017-5-25,54,50,1.620 ,0.000 ,0.000 ,,Fog,1
146,5,26,2017 ,2017-5-26,66,50,0.010 ,0.000 ,0.000 ,,,1
147,5,27,2017 ,2017-5-27,63,52,0.000 ,0.000 ,0.000 ,,,0
148,5,28,2017 ,2017-5-28,62,54,0.140 ,0.000 ,0.000 ,,,1
149,5,29,2017 ,2017-5-29,61,57,0.220 ,0.000 ,0.000 ,,,1
150,5,30,2017 ,2017-5-30,73,54,0.000 ,0.000 ,0.000 ,,,0
151,5,31,2017 ,2017-5-31,77,53,0.110 ,0.000 ,0.000 ,,,0
152,6,1,2017 ,2017-6-1,73,50,0.090 ,0.000 ,0.000 ,,,0
153,6,2,2017 ,2017-6-2,70,48,0.000 ,0.000 ,0.000 ,,,0
154,6,3,2017 ,2017-6-3,71,50,0.000 ,0.000 ,0.000 ,,,0
155,6,4,2017 ,2017-6-4,74,52,0.000 ,0.000 ,0.000 ,,,0
156,6,5,2017 ,2017-6-5,82,55,0.000 ,0.000 ,0.000 ,,,0
157,6,6,2017 ,2017-6-6,69,53,0.230 ,0.000 ,0.000 ,,,0
158,6,7,2017 ,2017-6-7,64,50,0.000 ,0.000 ,0.000 ,,,0
159,6,8,2017 ,2017-6-8,59,46,0.170 ,0.000 ,0.000 ,,,0
160,6,9,2017 ,2017-6-9,68,47,0.010 ,0.000 ,0.000 ,,,0
161,6,10,2017 ,2017-6-10,73,53,0.000 ,0.000 ,0.000 ,,,0
162,6,11,2017 ,2017-6-11,82,58,0.000 ,0.000 ,0.000 ,,,0
163,6,12,2017 ,2017-6-12,82,59,0.000 ,0.000 ,0.000 ,,,0
164,6,13,2017 ,2017-6-13,83,60,0.000 ,0.000 ,0.000 ,,,0
165,6,14,2017 ,2017-6-14,84,66,0.000 ,0.000 ,0.000 ,,,0
166,6,15,2017 ,2017-6-15,83,61,0.010 ,0.000 ,0.000 ,,,0
167,6,16,2017 ,2017-6-16,81,63,0.430 ,0.000 ,0.000 ,,,1
168,6,17,2017 ,2017-6-17,78,60,2.160 ,0.000 ,0.000 ,,,1
169,6,18,2017 ,2017-6-18,81,62,0.000 ,0.000 ,0.000 ,,,1
170,6,19,2017 ,2017-6-19,87,65,0.100 ,0.000 ,0.000 ,,,0
171,6,20,2017 ,2017-6-20,74,55,0.330 ,0.000 ,0.000 ,,,0
172,6,21,2017 ,2017-6-21,76,55,0.000 ,0.000 ,0.000 ,,,0
173,6,22,2017 ,2017-6-22,78,58,0.030 ,0.000 ,0.000 ,,,0
174,6,23,2017 ,2017-6-23,80,65,0.680 ,0.000 ,0.000 ,,,1
175,6,24,2017 ,2017-6-24,82,62,1.070 ,0.000 ,0.000 ,,,1
176,6,25,2017 ,2017-6-25,75,55,0.000 ,0.000 ,0.000 ,,,0
177,6,26,2017 ,2017-6-26,73,47,0.000 ,0.000 ,0.000 ,,,0
178,6,27,2017 ,2017-6-27,73,48,0.000 ,0.000 ,0.000 ,,,0
179,6,28,2017 ,2017-6-28,67,49,0.000 ,0.000 ,0.000 ,,,0
180,6,29,2017 ,2017-6-29,76,52,0.000 ,0.000 ,0.000 ,,,0
181,6,30,2017 ,2017-6-30,82,55,0.000 ,0.000 ,0.000 ,,,0
182,7,1,2017 ,2017-7-1,86,65,0.000 ,0.000 ,0.000 ,,,0
183,7,2,2017 ,2017-7-2,80,64,0.000 ,0.000 ,0.000 ,,,0
184,7,3,2017 ,2017-7-3,81,61,0.000 ,0.000 ,0.000 ,,,0
185,7,4,2017 ,2017-7-4,82,61,0.000 ,0.000 ,0.000 ,,,0
186,7,5,2017 ,2017-7-5,82,64,1.150 ,0.000 ,0.000 ,,,0
187,7,6,2017 ,2017-7-6,81,65,0.060 ,0.000 ,0.000 ,,,1
188,7,7,2017 ,2017-7-7,68,65,0.850 ,0.000 ,0.000 ,,,1
189,7,8,2017 ,2017-7-8,75,63,0.000 ,0.000 ,0.000 ,,,0
190,7,9,2017 ,2017-7-9,80,54,0.360 ,0.000 ,0.000 ,,,0
191,7,10,2017 ,2017-7-10,76,55,0.000 ,0.000 ,0.000 ,,,0
192,7,11,2017 ,2017-7-11,77,56,0.420 ,0.000 ,0.000 ,,,0
193,7,12,2017 ,2017-7-12,81,67,0.030 ,0.000 ,0.000 ,,,0
194,7,13,2017 ,2017-7-13,82,65,0.000 ,0.000 ,0.000 ,,,0
195,7,14,2017 ,2017-7-14,78,67,0.060 ,0.000 ,0.000 ,,,0
196,7,15,2017 ,2017-7-15,78,63,0.430 ,0.000 ,0.000 ,,,0
197,7,16,2017 ,2017-7-16,76,56,0.000 ,0.000 ,0.000 ,,,0
198,7,17,2017 ,2017-7-17,81,59,0.000 ,0.000 ,0.000 ,,,0
199,7,18,2017 ,2017-7-18,85,62,0.001 ,0.000 ,0.000 ,,,0
200,7,19,2017 ,2017-7-19,85,63,0.000 ,0.000 ,0.000 ,,,0
201,7,20,2017 ,2017-7-20,84,63,0.000 ,0.000 ,0.000 ,,,0
202,7,21,2017 ,2017-7-21,84,67,0.000 ,0.000 ,0.000 ,,,0
203,7,22,2017 ,2017-7-22,85,67,0.000 ,0.000 ,0.000 ,,,0
204,7,23,2017 ,2017-7-23,79,67,1.490 ,0.000 ,0.000 ,,,0
205,7,24,2017 ,2017-7-24,76,64,0.280 ,0.000 ,0.000 ,,,0
206,7,25,2017 ,2017-7-25,80,54,0.030 ,0.000 ,0.000 ,,,0
207,7,26,2017 ,2017-7-26,65,53,0.010 ,0.000 ,0.000 ,,,0
208,7,27,2017 ,2017-7-27,77,53,0.000 ,0.000 ,0.000 ,,,0
209,7,28,2017 ,2017-7-28,80,62,0.180 ,0.000 ,0.000 ,,,0
210,7,29,2017 ,2017-7-29,80,56,2.080 ,0.000 ,0.000 ,,,1
211,7,30,2017 ,2017-7-30,71,52,0.360 ,0.000 ,0.000 ,,,0
212,7,31,2017 ,2017-7-31,76,55,0.000 ,0.000 ,0.000 ,,,0
213,8,1,2017 ,2017-8-1,79,56,0.000 ,0.000 ,0.000 ,,,0
214,8,2,2017 ,2017-8-2,79,58,0.000 ,0.000 ,0.000 ,,,0
215,8,3,2017 ,2017-8-3,79,59,0.000 ,0.000 ,0.000 ,,,0
216,8,4,2017 ,2017-8-4,84,61,0.030 ,0.000 ,0.000 ,,,0
217,8,5,2017 ,2017-8-5,82,54,0.670 ,0.000 ,0.000 ,,,0
218,8,6,2017 ,2017-8-6,68,55,0.000 ,0.000 ,0.000 ,,,0
219,8,7,2017 ,2017-8-7,72,56,0.230 ,0.000 ,0.000 ,,Light Fog,1
220,8,8,2017 ,2017-8-8,69,58,0.460 ,0.000 ,0.000 ,,,1
221,8,9,2017 ,2017-8-9,72,48,0.000 ,0.000 ,0.000 ,,,0
222,8,10,2017 ,2017-8-10,75,49,0.000 ,0.000 ,0.000 ,,,0
223,8,11,2017 ,2017-8-11,73,54,0.000 ,0.000 ,0.000 ,,,0
224,8,12,2017 ,2017-8-12,79,60,0.030 ,0.000 ,0.000 ,,,0
225,8,13,2017 ,2017-8-13,78,54,0.001 ,0.000 ,0.000 ,,,0
226,8,14,2017 ,2017-8-14,78,55,0.000 ,0.000 ,0.000 ,,,0
227,8,15,2017 ,2017-8-15,67,60,0.080 ,0.000 ,0.000 ,,Foggy,1
228,8,16,2017 ,2017-8-16,77,62,0.001 ,0.000 ,0.000 ,,,1
229,8,17,2017 ,2017-8-17,80,60,0.000 ,0.000 ,0.000 ,,,0
230,8,18,2017 ,2017-8-18,85,61,0.000 ,0.000 ,0.000 ,,,0
231,8,19,2017 ,2017-8-19,80,60,0.000 ,0.000 ,0.000 ,,,0
232,8,20,2017 ,2017-8-20,82,57,0.130 ,0.000 ,0.000 ,,,0
233,8,21,2017 ,2017-8-21,79,58,0.000 ,0.000 ,0.000 ,,The Great American Eclipse is today!,0
234,8,22,2017 ,2017-8-22,83,62,0.000 ,0.000 ,0.000 ,,,0
235,8,23,2017 ,2017-8-23,85,62,0.410 ,0.000 ,0.000 ,,,0
236,8,24,2017 ,2017-8-24,74,52,0.000 ,0.000 ,0.000 ,,,0
237,8,25,2017 ,2017-8-25,70,52,0.000 ,0.000 ,0.000 ,,,0
238,8,26,2017 ,2017-8-26,70,52,0.000 ,0.000 ,0.000 ,,,0
239,8,27,2017 ,2017-8-27,73,52,0.000 ,0.000 ,0.000 ,,,0
240,8,28,2017 ,2017-8-28,69,52,0.000 ,0.000 ,0.000 ,,,0
241,8,29,2017 ,2017-8-29,68,52,0.000 ,0.000 ,0.000 ,,,0
242,8,30,2017 ,2017-8-30,58,55,0.060 ,0.000 ,0.000 ,,,1
243,8,31,2017 ,2017-8-31,74,55,0.000 ,0.000 ,0.000 ,,,0
244,9,1,2017 ,2017-9-1,75,50,0.000 ,0.000 ,0.000 ,,,0
245,9,2,2017 ,2017-9-2,54,48,0.170 ,0.000 ,0.000 ,,,0
246,9,3,2017 ,2017-9-3,54,47,0.220 ,0.000 ,0.000 ,,,1
247,9,4,2017 ,2017-9-4,67,53,0.010 ,0.000 ,0.000 ,,,1
248,9,5,2017 ,2017-9-5,78,54,0.000 ,0.000 ,0.000 ,,,0
249,9,6,2017 ,2017-9-6,71,54,0.840 ,0.000 ,0.000 ,,,0
250,9,7,2017 ,2017-9-7,60,48,0.120 ,0.000 ,0.000 ,,,0
251,9,8,2017 ,2017-9-8,62,47,0.000 ,0.000 ,0.000 ,,,0
252,9,9,2017 ,2017-9-9,65,45,0.000 ,0.000 ,0.000 ,,,0
253,9,10,2017 ,2017-9-10,64,42,0.000 ,0.000 ,0.000 ,,,0
254,9,11,2017 ,2017-9-11,65,44,0.000 ,0.000 ,0.000 ,,,0
255,9,12,2017 ,2017-9-12,65,44,0.000 ,0.000 ,0.000 ,,,0
256,9,13,2017 ,2017-9-13,69,53,0.001 ,0.000 ,0.000 ,,,0
257,9,14,2017 ,2017-9-14,76,57,0.070 ,0.000 ,0.000 ,,,0
258,9,15,2017 ,2017-9-15,67,55,0.020 ,0.000 ,0.000 ,,,0
259,9,16,2017 ,2017-9-16,73,55,0.000 ,0.000 ,0.000 ,,,0
260,9,17,2017 ,2017-9-17,77,57,0.000 ,0.000 ,0.000 ,,,1
261,9,18,2017 ,2017-9-18,78,57,0.000 ,0.000 ,0.000 ,,,1
262,9,19,2017 ,2017-9-19,79,57,0.000 ,0.000 ,0.000 ,,,1
263,9,20,2017 ,2017-9-20,79,55,0.000 ,0.000 ,0.000 ,,,1
264,9,21,2017 ,2017-9-21,79,56,0.000 ,0.000 ,0.000 ,,,0
265,9,22,2017 ,2017-9-22,80,56,0.000 ,0.000 ,0.000 ,,,0
266,9,23,2017 ,2017-9-23,82,54,0.000 ,0.000 ,0.000 ,,,0
267,9,24,2017 ,2017-9-24,82,54,0.000 ,0.000 ,0.000 ,,,0
268,9,25,2017 ,2017-9-25,82,57,0.000 ,0.000 ,0.000 ,,,0
269,9,26,2017 ,2017-9-26,84,61,0.000 ,0.000 ,0.000 ,,,0
270,9,27,2017 ,2017-9-27,84,59,0.000 ,0.000 ,0.000 ,,,0
271,9,28,2017 ,2017-9-28,84,57,0.000 ,0.000 ,0.000 ,,,1
272,9,29,2017 ,2017-9-29,68,44,0.000 ,0.000 ,0.000 ,,,0
273,9,30,2017 ,2017-9-30,69,44,0.001 ,0.000 ,0.000 ,,,0
274,10,1,2017 ,2017-10-1,58,36,0.000 ,0.000 ,0.000 ,,,0
275,10,2,2017 ,2017-10-2,65,36,0.000 ,0.000 ,0.000 ,,,0
276,10,3,2017 ,2017-10-3,71,39,0.000 ,0.000 ,0.000 ,,,0
277,10,4,2017 ,2017-10-4,75,45,0.000 ,0.000 ,0.000 ,,,0
278,10,5,2017 ,2017-10-5,81,46,0.000 ,0.000 ,0.000 ,,,0
279,10,6,2017 ,2017-10-6,75,57,0.070 ,0.000 ,0.000 ,,,0
280,10,7,2017 ,2017-10-7,73,56,0.000 ,0.000 ,0.000 ,,,0
281,10,8,2017 ,2017-10-8,83,57,0.020 ,0.000 ,0.000 ,,,0
282,10,9,2017 ,2017-10-9,73,67,1.360 ,0.000 ,0.000 ,,,1
283,10,10,2017 ,2017-10-10,77,62,0.160 ,0.000 ,0.000 ,,,0
284,10,11,2017 ,2017-10-11,77,61,0.080 ,0.000 ,0.000 ,,,0
285,10,12,2017 ,2017-10-12,66,58,0.910 ,0.000 ,0.000 ,,,1
286,10,13,2017 ,2017-10-13,58,51,0.530 ,0.000 ,0.000 ,,,1
287,10,14,2017 ,2017-10-14,55,51,0.000 ,0.000 ,0.000 ,,,1
288,10,15,2017 ,2017-10-15,68,55,0.000 ,0.000 ,0.000 ,,,1
289,10,16,2017 ,2017-10-16,77,47,0.080 ,0.000 ,0.000 ,,,1
290,10,17,2017 ,2017-10-17,54,34,0.000 ,0.000 ,0.000 ,,,0
291,10,18,2017 ,2017-10-18,60,33,0.000 ,0.000 ,0.000 ,,,0
292,10,19,2017 ,2017-10-19,67,39,0.000 ,0.000 ,0.000 ,,,0
293,10,20,2017 ,2017-10-20,70,42,0.000 ,0.000 ,0.000 ,,,0
294,10,21,2017 ,2017-10-21,69,46,0.000 ,0.000 ,0.000 ,,,0
295,10,22,2017 ,2017-10-22,71,46,0.000 ,0.000 ,0.000 ,,,0
296,10,23,2017 ,2017-10-23,73,47,0.000 ,0.000 ,0.000 ,,,0
297,10,24,2017 ,2017-10-24,60,51,0.860 ,0.000 ,0.000 ,,,0
298,10,25,2017 ,2017-10-25,64,37,0.000 ,0.000 ,0.000 ,,,0
299,10,26,2017 ,2017-10-26,46,36,0.001 ,0.000 ,0.000 ,,,0
300,10,27,2017 ,2017-10-27,49,30,0.000 ,0.000 ,0.000 ,,,0
301,10,28,2017 ,2017-10-28,62,31,0.000 ,0.000 ,0.000 ,,,0
302,10,29,2017 ,2017-10-29,63,40,1.090 ,0.000 ,0.000 ,,,0
303,10,30,2017 ,2017-10-30,42,34,0.680 ,0.000 ,0.000 ,,Windy,0
304,10,31,2017 ,2017-10-31,47,34,0.000 ,0.000 ,0.000 ,,,0
305,11,1,2017 ,2017-11-1,48,32,0.000 ,0.000 ,0.000 ,,,0
306,11,2,2017 ,2017-11-2,46,36,0.000 ,0.000 ,0.000 ,,,0
307,11,3,2017 ,2017-11-3,68,45,0.010 ,0.000 ,0.000 ,,,0
308,11,4,2017 ,2017-11-4,63,35,0.090 ,0.000 ,0.000 ,,,0
309,11,5,2017 ,2017-11-5,49,36,0.190 ,0.000 ,0.000 ,,Begin EST,1
310,11,6,2017 ,2017-11-6,55,44,0.410 ,0.000 ,0.000 ,,,1
311,11,7,2017 ,2017-11-7,62,34,0.090 ,0.000 ,0.000 ,,,1
312,11,8,2017 ,2017-11-8,36,31,0.430 ,0.000 ,0.000 ,,,0
313,11,9,2017 ,2017-11-9,43,31,0.010 ,0.000 ,0.000 ,,,1
314,11,10,2017 ,2017-11-10,48,28,0.001 ,0.000 ,0.000 ,,,1
315,11,11,2017 ,2017-11-11,48,12,0.001 ,0.001 ,0.000 ,,,0
316,11,12,2017 ,2017-11-12,30,13,0.000 ,0.000 ,0.000 ,,,0
317,11,13,2017 ,2017-11-13,46,24,0.040 ,0.000 ,0.000 ,,,0
318,11,14,2017 ,2017-11-14,44,32,0.000 ,0.000 ,0.000 ,,,0
319,11,15,2017 ,2017-11-15,37,25,0.000 ,0.000 ,0.000 ,,,0
320,11,16,2017 ,2017-11-16,43,25,0.030 ,0.000 ,0.000 ,,,0
321,11,17,2017 ,2017-11-17,47,30,0.000 ,0.000 ,0.000 ,,,0
322,11,18,2017 ,2017-11-18,47,30,0.000 ,0.000 ,0.000 ,,,0
323,11,19,2017 ,2017-11-19,52,33,0.840 ,0.001 ,0.000 ,,Light Fog,1
324,11,20,2017 ,2017-11-20,34,23,0.120 ,1.200 ,1.000 ,,,1
325,11,21,2017 ,2017-11-21,40,23,0.000 ,0.000 ,1.000 ,,,0
326,11,22,2017 ,2017-11-22,55,34,0.001 ,0.000 ,0.000 ,,Headed for Ohio,0
327,11,23,2017 ,2017-11-23,36,31,0.001 ,0.000 ,0.000 ,,"Perry Connor, Observer",0
328,11,24,2017 ,2017-11-24,41,27,0.000 ,0.000 ,0.000 ,,"Perry Connor, Observer",0
329,11,25,2017 ,2017-11-25,53,33,0.000 ,0.000 ,0.000 ,,Back from Ohio,0
330,11,26,2017 ,2017-11-26,55,35,0.000 ,0.000 ,0.000 ,,,0
331,11,27,2017 ,2017-11-27,41,32,0.000 ,0.000 ,0.000 ,,,0
332,11,28,2017 ,2017-11-28,51,33,0.000 ,0.000 ,0.000 ,,,0
333,11,29,2017 ,2017-11-29,58,33,0.000 ,0.000 ,0.000 ,,,0
334,11,30,2017 ,2017-11-30,55,33,0.000 ,0.000 ,0.000 ,,,0
335,12,1,2017 ,2017-12-1,53,31,0.040 ,0.000 ,0.000 ,,,0
336,12,2,2017 ,2017-12-2,45,27,0.000 ,0.000 ,0.000 ,,,0
337,12,3,2017 ,2017-12-3,48,27,0.000 ,0.000 ,0.000 ,,,0
338,12,4,2017 ,2017-12-4,49,29,0.000 ,0.000 ,0.000 ,,,0
339,12,5,2017 ,2017-12-5,49,33,0.001 ,0.000 ,0.000 ,,,0
340,12,6,2017 ,2017-12-6,49,25,0.120 ,0.000 ,0.000 ,,Windy,0
341,12,7,2017 ,2017-12-7,36,25,0.000 ,0.000 ,0.000 ,,,0
342,12,8,2017 ,2017-12-8,36,20,0.001 ,0.001 ,0.000 ,,,0
343,12,9,2017 ,2017-12-9,28,20,0.000 ,0.000 ,0.000 ,,,0
344,12,10,2017 ,2017-12-10,30,23,0.001 ,0.001 ,0.001 ,,,0
345,12,11,2017 ,2017-12-11,29,23,0.000 ,0.000 ,0.000 ,,,0
346,12,12,2017 ,2017-12-12,39,27,0.000 ,0.000 ,0.000 ,,,0
347,12,13,2017 ,2017-12-13,37,9,0.050 ,1.000 ,1.000 ,,,0
348,12,14,2017 ,2017-12-14,31,10,0.220 ,3.600 ,5.000 ,,Windy,0
349,12,15,2017 ,2017-12-15,26,14,0.001 ,0.001 ,4.000 ,,,0
350,12,16,2017 ,2017-12-16,25,17,0.001 ,0.001 ,3.000 ,,,0
351,12,17,2017 ,2017-12-17,37,25,0.000 ,0.000 ,2.000 ,,,0
352,12,18,2017 ,2017-12-18,38,30,0.010 ,0.000 ,2.000 ,,,0
353,12,19,2017 ,2017-12-19,43,34,0.001 ,0.000 ,0.000 ,,,0
354,12,20,2017 ,2017-12-20,49,35,0.000 ,0.000 ,0.000 ,,,0
355,12,21,2017 ,2017-12-21,40,23,0.000 ,0.000 ,0.000 ,,,0
356,12,22,2017 ,2017-12-22,40,22,0.000 ,0.000 ,0.000 ,,,0
357,12,23,2017 ,2017-12-23,46,22,0.220 ,0.000 ,0.000 ,,,0
358,12,24,2017 ,2017-12-24,49,29,0.240 ,0.001 ,0.001 ,,Headed for Ohio,1
359,12,25,2017 ,2017-12-25,49,15,0.001 ,0.001 ,0.001 ,,"Perry Connor, Observer. No precipitation observation could be made by observer, only temperatures, so trace was entered.",0
360,12,26,2017 ,2017-12-26,20,12,0.130 ,1.700 ,3.000 ,,"Perry Connor, observer. Precipitation measured at 2 P.M. when we got back from Ohio.",0
361,12,27,2017 ,2017-12-27,22,11,0.001 ,0.400 ,2.000 ,,,0
362,12,28,2017 ,2017-12-28,14,-1,0.000 ,0.000 ,2.000 ,,,0
363,12,29,2017 ,2017-12-29,12,0,0.000 ,0.000 ,2.000 ,,,0
364,12,30,2017 ,2017-12-30,18,1,0.050 ,1.100 ,3.000 ,,,0
365,12,31,2017 ,2017-12-31,20,0,0.050 ,1.200 ,4.000 ,,,0
1,1,1,2018 ,2018-1-1,10,0,0.001 ,0.001 ,4.000 ,,,0
2,1,2,2018 ,2018-1-2,10,-1,0.001 ,0.300 ,4.000 ,,,0
3,1,3,2018 ,2018-1-3,13,-1,0.000 ,0.000 ,4.000 ,,,0
4,1,4,2018 ,2018-1-4,26,4,0.000 ,0.000 ,3.000 ,,,0
5,1,5,2018 ,2018-1-5,13,-4,0.001 ,0.300 ,4.000 ,,,0
6,1,6,2018 ,2018-1-6,4,-4,0.000 ,0.000 ,4.000 ,,,0
7,1,7,2018 ,2018-1-7,6,-8,0.000 ,0.000 ,4.000 ,,,0
8,1,8,2018 ,2018-1-8,24,-6,0.000 ,0.000 ,3.000 ,,,0
9,1,9,2018 ,2018-1-9,37,24,0.001 ,0.000 ,2.000 ,,,0
10,1,10,2018 ,2018-1-10,36,23,0.000 ,0.000 ,2.000 ,,,0
11,1,11,2018 ,2018-1-11,40,28,0.000 ,0.000 ,1.000 ,,,0
12,1,12,2018 ,2018-1-12,55,39,0.160 ,0.000 ,0.000 ,,,1
13,1,13,2018 ,2018-1-13,57,16,1.320 ,0.600 ,1.000 ,,"Teddy Latta, Observer, Gusty Winds",1
14,1,14,2018 ,2018-1-14,16,4,0.001 ,0.001 ,1.000 ,,"Teddy Latta, Observer",0
15,1,15,2018 ,2018-1-15,16,3,0.000 ,0.000 ,1.000 ,,,0
16,1,16,2018 ,2018-1-16,20,3,0.001 ,0.001 ,1.000 ,,,0
17,1,17,2018 ,2018-1-17,23,4,0.130 ,2.000 ,2.000 ,,,0
18,1,18,2018 ,2018-1-18,13,3,0.001 ,0.200 ,2.000 ,,,0
19,1,19,2018 ,2018-1-19,27,11,0.000 ,0.000 ,2.000 ,,,0
20,1,20,2018 ,2018-1-20,38,23,0.000 ,0.000 ,1.000 ,,,0
21,1,21,2018 ,2018-1-21,47,36,0.001 ,0.000 ,0.000 ,,,0
22,1,22,2018 ,2018-1-22,47,43,0.030 ,0.000 ,0.000 ,,,0
23,1,23,2018 ,2018-1-23,59,45,0.110 ,0.000 ,0.000 ,,,0
24,1,24,2018 ,2018-1-24,45,28,0.001 ,0.001 ,0.001 ,,,0
25,1,25,2018 ,2018-1-25,28,20,0.080 ,0.400 ,0.001 ,,,0
26,1,26,2018 ,2018-1-26,26,19,0.000 ,0.000 ,0.001 ,,,0
27,1,27,2018 ,2018-1-27,42,20,0.000 ,0.000 ,0.000 ,,,0
28,1,28,2018 ,2018-1-28,51,28,0.230 ,0.000 ,0.000 ,,,0
29,1,29,2018 ,2018-1-29,43,27,0.001 ,0.000 ,0.000 ,,,0
30,1,30,2018 ,2018-1-30,40,16,0.020 ,0.800 ,1.000 ,,,0
31,1,31,2018 ,2018-1-31,18,6,0.001 ,0.100 ,1.000 ,,,0
32,2,1,2018 ,2018-2-1,43,10,0.000 ,0.000 ,0.001 ,,,0
33,2,2,2018 ,2018-2-2,49,11,0.110 ,1.800 ,2.000 ,,"Windy. Punxsutawney Phil saw his shadow, so six more weeks of winter!",0
34,2,3,2018 ,2018-2-3,12,7,0.001 ,0.001 ,2.000 ,,,0
35,2,4,2018 ,2018-2-4,30,8,0.000 ,0.000 ,2.000 ,,,0
36,2,5,2018 ,2018-2-5,34,15,0.510 ,4.000 ,5.000 ,,Heavy snow!,0
37,2,6,2018 ,2018-2-6,24,13,0.001 ,0.200 ,5.000 ,,,0
38,2,7,2018 ,2018-2-7,26,20,0.410 ,0.700 ,5.000 ,,,0
39,2,8,2018 ,2018-2-8,36,13,0.580 ,0.400 ,5.000 ,,Hard crust on snow.,1
40,2,9,2018 ,2018-2-9,36,14,0.001 ,0.001 ,5.000 ,0.800 ,,0
41,2,10,2018 ,2018-2-10,34,17,0.000 ,0.000 ,5.000 ,,,0
42,2,11,2018 ,2018-2-11,47,34,0.160 ,0.000 ,4.000 ,,Heavy fog. Mushy snow.,1
43,2,12,2018 ,2018-2-12,54,29,0.280 ,0.000 ,0.001 ,,,1
44,2,13,2018 ,2018-2-13,37,17,0.000 ,0.000 ,0.000 ,,,0
45,2,14,2018 ,2018-2-14,36,17,0.000 ,0.000 ,0.000 ,,Happy Valentine's Day!,0
46,2,15,2018 ,2018-2-15,56,33,0.100 ,0.000 ,0.000 ,,Teddy Latta Observer,1
47,2,16,2018 ,2018-2-16,64,49,0.900 ,0.000 ,0.000 ,,,0
48,2,17,2018 ,2018-2-17,50,20,0.370 ,0.001 ,0.000 ,,,0
49,2,18,2018 ,2018-2-18,33,20,0.490 ,4.300 ,4.000 ,,,0
50,2,19,2018 ,2018-2-19,40,28,0.000 ,0.000 ,3.000 ,,,0
51,2,20,2018 ,2018-2-20,49,32,0.000 ,0.000 ,0.000 ,,,0
52,2,21,2018 ,2018-2-21,77,48,0.000 ,0.000 ,0.000 ,,,0
53,2,22,2018 ,2018-2-22,76,40,0.110 ,0.000 ,0.000 ,,,0
54,2,23,2018 ,2018-2-23,40,34,0.460 ,0.000 ,0.000 ,,,1
55,2,24,2018 ,2018-2-24,53,35,0.070 ,0.000 ,0.000 ,,Fog,1
56,2,25,2018 ,2018-2-25,53,40,1.180 ,0.000 ,0.000 ,,Fog,1
57,2,26,2018 ,2018-2-26,56,36,0.010 ,0.000 ,0.000 ,,,1
58,2,27,2018 ,2018-2-27,48,28,0.000 ,0.000 ,0.000 ,,,0
59,2,28,2018 ,2018-2-28,55,27,0.000 ,0.000 ,0.000 ,,,0
60,3,1,2018 ,2018-3-1,61,38,0.001 ,0.000 ,0.000 ,,,0
61,3,2,2018 ,2018-3-2,45,27,0.590 ,0.600 ,1.000 ,,Very Windy,1
62,3,3,2018 ,2018-3-3,35,21,0.001 ,0.001 ,0.001 ,,Very Windy,0
63,3,4,2018 ,2018-3-4,39,21,0.000 ,0.000 ,0.000 ,,,0
64,3,5,2018 ,2018-3-5,40,15,0.000 ,0.000 ,0.000 ,,,0
65,3,6,2018 ,2018-3-6,39,15,0.000 ,0.000 ,0.000 ,,,0
66,3,7,2018 ,2018-3-7,31,24,0.160 ,2.100 ,2.000 ,,,0
67,3,8,2018 ,2018-3-8,38,18,0.030 ,0.600 ,1.000 ,,,0
68,3,9,2018 ,2018-3-9,29,19,0.100 ,3.200 ,4.000 ,,,0
69,3,10,2018 ,2018-3-10,28,13,0.001 ,0.200 ,3.000 ,,,0
70,3,11,2018 ,2018-3-11,38,17,0.000 ,0.000 ,0.001 ,,Begin EDT,0
71,3,12,2018 ,2018-3-12,42,17,0.000 ,0.000 ,0.001 ,,,0
72,3,13,2018 ,2018-3-13,29,21,0.120 ,1.400 ,1.000 ,,,0
73,3,14,2018 ,2018-3-14,33,19,0.020 ,1.100 ,2.000 ,,,0
74,3,15,2018 ,2018-3-15,26,19,0.001 ,0.001 ,1.000 ,,,0
75,3,16,2018 ,2018-3-16,39,19,0.010 ,0.600 ,1.000 ,,Windy,0
76,3,17,2018 ,2018-3-17,32,18,0.000 ,0.000 ,0.001 ,,,0
77,3,18,2018 ,2018-3-18,37,21,0.001 ,0.001 ,0.001 ,,,0
78,3,19,2018 ,2018-3-19,49,24,0.000 ,0.000 ,0.000 ,,,0
79,3,20,2018 ,2018-3-20,56,27,0.001 ,0.001 ,0.001 ,,Sleet just started a few minutes ago.,0
80,3,21,2018 ,2018-3-21,27,22,0.960 ,8.100 ,8.000 ,,,0
81,3,22,2018 ,2018-3-22,29,20,0.210 ,2.200 ,9.000 ,,,0
82,3,23,2018 ,2018-3-23,35,22,0.000 ,0.000 ,7.000 ,1.000 ,,0
83,3,24,2018 ,2018-3-24,37,17,0.000 ,0.000 ,6.000 ,,,0
84,3,25,2018 ,2018-3-25,40,18,0.000 ,0.000 ,5.000 ,,,0
85,3,26,2018 ,2018-3-26,38,18,0.000 ,0.000 ,4.000 ,,,0
86,3,27,2018 ,2018-3-27,44,27,0.000 ,0.000 ,2.000 ,,,0
87,3,28,2018 ,2018-3-28,43,28,0.430 ,0.000 ,1.000 ,,Foggy,1
88,3,29,2018 ,2018-3-29,55,42,0.210 ,0.000 ,0.000 ,,,1
89,3,30,2018 ,2018-3-30,63,46,0.160 ,0.000 ,0.000 ,,,1
90,3,31,2018 ,2018-3-31,47,29,0.001 ,0.000 ,0.000 ,,,0
91,4,1,2018 ,2018-4-1,60,31,0.020 ,0.000 ,0.000 ,,,0
92,4,2,2018 ,2018-4-2,45,31,0.780 ,5.400 ,5.000 ,,,0
93,4,3,2018 ,2018-4-3,36,31,0.190 ,0.000 ,2.000 ,,,1
94,4,4,2018 ,2018-4-4,54,31,0.790 ,0.000 ,0.000 ,,,1
95,4,5,2018 ,2018-4-5,55,23,0.001 ,0.001 ,0.001 ,,,0
96,4,6,2018 ,2018-4-6,43,24,0.001 ,0.001 ,0.000 ,,Flurries all day off and on.,0
97,4,7,2018 ,2018-4-7,61,25,0.010 ,0.100 ,0.001 ,,,0
98,4,8,2018 ,2018-4-8,34,19,0.000 ,0.000 ,0.000 ,,,0
99,4,9,2018 ,2018-4-9,40,19,0.001 ,0.001 ,0.001 ,,,0
100,4,10,2018 ,2018-4-10,30,23,0.100 ,0.900 ,1.000 ,,,0
101,4,11,2018 ,2018-4-11,46,27,0.000 ,0.000 ,0.000 ,,,0
102,4,12,2018 ,2018-4-12,54,31,0.000 ,0.000 ,0.000 ,,,0
103,4,13,2018 ,2018-4-13,75,42,0.000 ,0.000 ,0.000 ,,,0
104,4,14,2018 ,2018-4-14,85,54,0.000 ,0.000 ,0.000 ,,,0
105,4,15,2018 ,2018-4-15,84,53,0.000 ,0.000 ,0.000 ,,,0
106,4,16,2018 ,2018-4-16,61,37,1.610 ,0.000 ,0.000 ,,,1
107,4,17,2018 ,2018-4-17,41,27,0.120 ,0.200 ,0.001 ,,,0
108,4,18,2018 ,2018-4-18,32,26,0.070 ,0.001 ,0.001 ,,,0
109,4,19,2018 ,2018-4-19,63,26,0.250 ,0.000 ,0.000 ,,,0
110,4,20,2018 ,2018-4-20,44,27,0.060 ,0.001 ,0.000 ,,,0
111,4,21,2018 ,2018-4-21,51,27,0.000 ,0.000 ,0.000 ,,,0
112,4,22,2018 ,2018-4-22,57,27,0.000 ,0.000 ,0.000 ,,,0
113,4,23,2018 ,2018-4-23,63,40,0.000 ,0.000 ,0.000 ,,,0
114,4,24,2018 ,2018-4-24,66,40,0.100 ,0.000 ,0.000 ,,,0
115,4,25,2018 ,2018-4-25,47,42,1.060 ,0.000 ,0.000 ,,,1
116,4,26,2018 ,2018-4-26,59,37,0.010 ,0.000 ,0.000 ,,,1
117,4,27,2018 ,2018-4-27,64,38,0.100 ,0.000 ,0.000 ,,Prof. Tianna Bogart's Descriptive Meteorology class visited the station yesterday.,0
118,4,28,2018 ,2018-4-28,61,38,0.090 ,0.000 ,0.000 ,,,0
119,4,29,2018 ,2018-4-29,66,31,0.080 ,0.000 ,0.000 ,,,0
120,4,30,2018 ,2018-4-30,44,32,0.000 ,0.000 ,0.000 ,,,0
121,5,1,2018 ,2018-5-1,64,35,0.000 ,0.000 ,0.000 ,,,0
122,5,2,2018 ,2018-5-2,78,43,0.000 ,0.000 ,0.000 ,,,0
123,5,3,2018 ,2018-5-3,83,53,0.000 ,0.000 ,0.000 ,,,0
124,5,4,2018 ,2018-5-4,87,61,0.000 ,0.000 ,0.000 ,,,0
125,5,5,2018 ,2018-5-5,81,52,0.060 ,0.000 ,0.000 ,,,0
126,5,6,2018 ,2018-5-6,63,47,0.720 ,0.000 ,0.000 ,,,1
127,5,7,2018 ,2018-5-7,56,45,0.170 ,0.000 ,0.000 ,,,1
128,5,8,2018 ,2018-5-8,67,47,0.000 ,0.000 ,0.000 ,,,0
129,5,9,2018 ,2018-5-9,72,47,0.000 ,0.000 ,0.000 ,,,0
130,5,10,2018 ,2018-5-10,77,48,0.000 ,0.000 ,0.000 ,,,0
131,5,11,2018 ,2018-5-11,75,52,0.200 ,0.000 ,0.000 ,,,0
132,5,12,2018 ,2018-5-12,76,51,0.000 ,0.000 ,0.000 ,,,0
133,5,13,2018 ,2018-5-13,84,52,1.270 ,0.000 ,0.000 ,,Thunderstorm with rain. Foggy.,1
134,5,14,2018 ,2018-5-14,78,59,0.470 ,0.000 ,0.000 ,,,1
135,5,15,2018 ,2018-5-15,82,57,0.310 ,0.000 ,0.000 ,,,0
136,5,16,2018 ,2018-5-16,85,57,1.000 ,0.000 ,0.000 ,,,0
137,5,17,2018 ,2018-5-17,69,60,0.370 ,0.000 ,0.000 ,,Foggy,1
138,5,18,2018 ,2018-5-18,64,59,0.390 ,0.000 ,0.000 ,,,1
139,5,19,2018 ,2018-5-19,62,49,1.360 ,0.000 ,0.000 ,,,1
140,5,20,2018 ,2018-5-20,62,49,0.180 ,0.000 ,0.000 ,,,1
141,5,21,2018 ,2018-5-21,77,55,0.000 ,0.000 ,0.000 ,,,0
142,5,22,2018 ,2018-5-22,76,59,0.340 ,0.000 ,0.000 ,,,0
143,5,23,2018 ,2018-5-23,71,60,0.350 ,0.000 ,0.000 ,,,0
144,5,24,2018 ,2018-5-24,69,51,0.000 ,0.000 ,0.000 ,,,0
145,5,25,2018 ,2018-5-25,79,51,0.000 ,0.000 ,0.000 ,,,0
146,5,26,2018 ,2018-5-26,84,57,0.000 ,0.000 ,0.000 ,,,0
147,5,27,2018 ,2018-5-27,84,63,1.470 ,0.000 ,0.000 ,,,0
148,5,28,2018 ,2018-5-28,76,64,0.360 ,0.000 ,0.000 ,,,1
149,5,29,2018 ,2018-5-29,81,63,0.000 ,0.000 ,0.000 ,,,1
150,5,30,2018 ,2018-5-30,82,64,0.000 ,0.000 ,0.000 ,,,1
151,5,31,2018 ,2018-5-31,72,66,0.340 ,0.000 ,0.000 ,,,1
152,6,1,2018 ,2018-6-1,75,62,0.400 ,0.000 ,0.000 ,,,1
153,6,2,2018 ,2018-6-2,83,65,0.001 ,0.000 ,0.000 ,,,0
154,6,3,2018 ,2018-6-3,72,62,0.870 ,0.000 ,0.000 ,,Foggy,1
155,6,4,2018 ,2018-6-4,64,52,0.620 ,0.000 ,0.000 ,,,1
156,6,5,2018 ,2018-6-5,69,48,0.000 ,0.000 ,0.000 ,,,1
157,6,6,2018 ,2018-6-6,68,46,0.060 ,0.000 ,0.000 ,,,0
158,6,7,2018 ,2018-6-7,54,42,0.000 ,0.000 ,0.000 ,,,0
159,6,8,2018 ,2018-6-8,75,43,0.000 ,0.000 ,0.000 ,,,0
160,6,9,2018 ,2018-6-9,76,53,0.000 ,0.000 ,0.000 ,,,0
161,6,10,2018 ,2018-6-10,78,60,0.000 ,0.000 ,0.000 ,,,1
162,6,11,2018 ,2018-6-11,78,54,1.340 ,0.000 ,0.000 ,,With fog,1
163,6,12,2018 ,2018-6-12,58,53,0.170 ,0.000 ,0.000 ,,,1
164,6,13,2018 ,2018-6-13,70,55,0.140 ,0.000 ,0.000 ,,,1
165,6,14,2018 ,2018-6-14,77,54,0.030 ,0.000 ,0.000 ,,,0
166,6,15,2018 ,2018-6-15,74,55,0.000 ,0.000 ,0.000 ,,,0
167,6,16,2018 ,2018-6-16,75,52,0.000 ,0.000 ,0.000 ,,,0
168,6,17,2018 ,2018-6-17,82,57,0.000 ,0.000 ,0.000 ,,,0
169,6,18,2018 ,2018-6-18,82,65,0.000 ,0.000 ,0.000 ,,,0
170,6,19,2018 ,2018-6-19,86,67,0.000 ,0.000 ,0.000 ,,,0
171,6,20,2018 ,2018-6-20,81,66,0.090 ,0.000 ,0.000 ,,,0
172,6,21,2018 ,2018-6-21,75,65,1.350 ,0.000 ,0.000 ,,,1
173,6,22,2018 ,2018-6-22,70,58,0.480 ,0.000 ,0.000 ,,,0
174,6,23,2018 ,2018-6-23,61,58,0.480 ,0.000 ,0.000 ,,,1
175,6,24,2018 ,2018-6-24,76,60,0.560 ,0.000 ,0.000 ,,,1
176,6,25,2018 ,2018-6-25,78,60,0.000 ,0.000 ,0.000 ,,,0
177,6,26,2018 ,2018-6-26,74,53,0.000 ,0.000 ,0.000 ,,,0
178,6,27,2018 ,2018-6-27,73,57,0.010 ,0.000 ,0.000 ,,,0
179,6,28,2018 ,2018-6-28,74,62,0.530 ,0.000 ,0.000 ,,,0
180,6,29,2018 ,2018-6-29,76,59,0.030 ,0.000 ,0.000 ,,,0
181,6,30,2018 ,2018-6-30,83,61,0.000 ,0.000 ,0.000 ,,Visit from NWS. New thermometer sensor and display unit.,0
182,7,1,2018 ,2018-7-1,88,63,0.000 ,0.000 ,0.000 ,,,0
183,7,2,2018 ,2018-7-2,89,66,0.000 ,0.000 ,0.000 ,,,0
184,7,3,2018 ,2018-7-3,86,66,0.020 ,0.000 ,0.000 ,,,0
185,7,4,2018 ,2018-7-4,88,68,0.000 ,0.000 ,0.000 ,,,0
186,7,5,2018 ,2018-7-5,86,65,0.190 ,0.000 ,0.000 ,,,0
187,7,6,2018 ,2018-7-6,81,65,1.470 ,0.000 ,0.000 ,,,1
188,7,7,2018 ,2018-7-7,78,52,0.010 ,0.000 ,0.000 ,,,0
189,7,8,2018 ,2018-7-8,73,51,0.000 ,0.000 ,0.000 ,,,0
190,7,9,2018 ,2018-7-9,76,53,0.000 ,0.000 ,0.000 ,,,0
191,7,10,2018 ,2018-7-10,81,55,0.000 ,0.000 ,0.000 ,,,0
192,7,11,2018 ,2018-7-11,82,64,0.040 ,0.000 ,0.000 ,,,0
193,7,12,2018 ,2018-7-12,79,55,0.000 ,0.000 ,0.000 ,,,0
194,7,13,2018 ,2018-7-13,78,56,0.000 ,0.000 ,0.000 ,,,0
195,7,14,2018 ,2018-7-14,81,58,0.000 ,0.000 ,0.000 ,,,0
196,7,15,2018 ,2018-7-15,84,60,0.000 ,0.000 ,0.000 ,,,0
197,7,16,2018 ,2018-7-16,84,64,0.001 ,0.000 ,0.000 ,,,0
198,7,17,2018 ,2018-7-17,88,65,0.000 ,0.000 ,0.000 ,,,0
199,7,18,2018 ,2018-7-18,80,56,0.210 ,0.000 ,0.000 ,,,0
200,7,19,2018 ,2018-7-19,74,54,0.000 ,0.000 ,0.000 ,,,0
201,7,20,2018 ,2018-7-20,81,57,0.000 ,0.000 ,0.000 ,,,0
202,7,21,2018 ,2018-7-21,79,59,0.000 ,0.000 ,0.000 ,,,0
203,7,22,2018 ,2018-7-22,68,57,0.180 ,0.000 ,0.000 ,,,0
204,7,23,2018 ,2018-7-23,77,58,0.000 ,0.000 ,0.000 ,,Went to ER at 5 A.M.,0
205,7,24,2018 ,2018-7-24,77,66,0.220 ,0.000 ,0.000 ,,Precipitation includes 7-23,0
206,7,25,2018 ,2018-7-25,74,66,1.020 ,0.000 ,0.000 ,,,1
207,7,26,2018 ,2018-7-26,75,62,0.160 ,0.000 ,0.000 ,,,1
208,7,27,2018 ,2018-7-27,82,62,0.000 ,0.000 ,0.000 ,,,0
209,7,28,2018 ,2018-7-28,79,58,0.000 ,0.000 ,0.000 ,,,0
210,7,29,2018 ,2018-7-29,76,55,0.000 ,0.000 ,0.000 ,,,0
211,7,30,2018 ,2018-7-30,76,55,0.000 ,0.000 ,0.000 ,,,0
212,7,31,2018 ,2018-7-31,67,61,0.810 ,0.000 ,0.000 ,,,0
213,8,1,2018 ,2018-8-1,70,62,1.180 ,0.000 ,0.000 ,,,1
214,8,2,2018 ,2018-8-2,82,64,0.570 ,0.000 ,0.000 ,,,1
215,8,3,2018 ,2018-8-3,77,64,1.870 ,0.000 ,0.000 ,,Widespread flooding in surrounding areas,1
216,8,4,2018 ,2018-8-4,74,63,0.760 ,0.000 ,0.000 ,,,0
217,8,5,2018 ,2018-8-5,83,63,0.000 ,0.000 ,0.000 ,,,0
218,8,6,2018 ,2018-8-6,84,64,0.000 ,0.000 ,0.000 ,,,0
219,8,7,2018 ,2018-8-7,85,65,0.001 ,0.000 ,0.000 ,,,0
220,8,8,2018 ,2018-8-8,84,66,0.100 ,0.000 ,0.000 ,,,0
221,8,9,2018 ,2018-8-9,83,64,0.310 ,0.000 ,0.000 ,,,0
222,8,10,2018 ,2018-8-10,79,62,0.000 ,0.000 ,0.000 ,,,0
223,8,11,2018 ,2018-8-11,80,62,0.001 ,0.000 ,0.000 ,,,0
224,8,12,2018 ,2018-8-12,78,62,0.000 ,0.000 ,0.000 ,,,0
225,8,13,2018 ,2018-8-13,80,61,0.000 ,0.000 ,0.000 ,,,0
226,8,14,2018 ,2018-8-14,71,59,0.390 ,0.000 ,0.000 ,,,0
227,8,15,2018 ,2018-8-15,73,59,0.530 ,0.000 ,0.000 ,,,0
228,8,16,2018 ,2018-8-16,78,62,0.000 ,0.000 ,0.000 ,,,0
229,8,17,2018 ,2018-8-17,83,64,0.140 ,0.000 ,0.000 ,,,0
230,8,18,2018 ,2018-8-18,82,65,0.090 ,0.000 ,0.000 ,,,0
231,8,19,2018 ,2018-8-19,76,58,0.180 ,0.000 ,0.000 ,,,0
232,8,20,2018 ,2018-8-20,74,60,0.020 ,0.000 ,0.000 ,,,1
233,8,21,2018 ,2018-8-21,67,63,0.100 ,0.000 ,0.000 ,,,1
234,8,22,2018 ,2018-8-22,76,64,1.590 ,0.000 ,0.000 ,,Violent thunderstorms. Tornado warning in eastern Allegany County.,1
235,8,23,2018 ,2018-8-23,72,52,0.000 ,0.000 ,0.000 ,,,0
236,8,24,2018 ,2018-8-24,70,51,0.000 ,0.000 ,0.000 ,,,0
237,8,25,2018 ,2018-8-25,77,52,0.000 ,0.000 ,0.000 ,,,0
238,8,26,2018 ,2018-8-26,74,55,0.000 ,0.000 ,0.000 ,,,0
239,8,27,2018 ,2018-8-27,79,61,0.000 ,0.000 ,0.000 ,,,0
240,8,28,2018 ,2018-8-28,85,67,0.000 ,0.000 ,0.000 ,,,0
241,8,29,2018 ,2018-8-29,87,66,0.000 ,0.000 ,0.000 ,,,0
242,8,30,2018 ,2018-8-30,87,66,0.050 ,0.000 ,0.000 ,,,0
243,8,31,2018 ,2018-8-31,81,64,0.190 ,0.000 ,0.000 ,,,1
244,9,1,2018 ,2018-9-1,82,64,0.430 ,0.000 ,0.000 ,,,1
245,9,2,2018 ,2018-9-2,79,64,0.030 ,0.000 ,0.000 ,,,1
246,9,3,2018 ,2018-9-3,85,64,0.000 ,0.000 ,0.000 ,,,1
247,9,4,2018 ,2018-9-4,86,66,0.310 ,0.000 ,0.000 ,,,0
248,9,5,2018 ,2018-9-5,88,65,0.000 ,0.000 ,0.000 ,,,0
249,9,6,2018 ,2018-9-6,89,66,0.000 ,0.000 ,0.000 ,,,0
250,9,7,2018 ,2018-9-7,86,64,0.000 ,0.000 ,0.000 ,,,0
251,9,8,2018 ,2018-9-8,81,65,0.770 ,0.000 ,0.000 ,,Heavy Fog,1
252,9,9,2018 ,2018-9-9,65,49,2.150 ,0.000 ,0.000 ,,Fog,1
253,9,10,2018 ,2018-9-10,54,50,3.310 ,0.000 ,0.000 ,,Fog,1
254,9,11,2018 ,2018-9-11,61,54,0.100 ,0.000 ,0.000 ,,,1
255,9,12,2018 ,2018-9-12,69,59,0.120 ,0.000 ,0.000 ,,,1
256,9,13,2018 ,2018-9-13,69,62,0.080 ,0.000 ,0.000 ,,,1
257,9,14,2018 ,2018-9-14,80,66,0.120 ,0.000 ,0.000 ,,Light fog,1
258,9,15,2018 ,2018-9-15,69,65,0.300 ,0.000 ,0.000 ,,,1
259,9,16,2018 ,2018-9-16,69,65,0.030 ,0.000 ,0.000 ,,,0
260,9,17,2018 ,2018-9-17,74,65,0.150 ,0.000 ,0.000 ,,Fog,1
261,9,18,2018 ,2018-9-18,74,65,2.270 ,0.000 ,0.000 ,,Remnants of Florence,1
262,9,19,2018 ,2018-9-19,75,64,0.240 ,0.000 ,0.000 ,,,0
263,9,20,2018 ,2018-9-20,78,57,0.000 ,0.000 ,0.000 ,,,0
264,9,21,2018 ,2018-9-21,78,57,0.000 ,0.000 ,0.000 ,,,1
265,9,22,2018 ,2018-9-22,84,58,0.090 ,0.000 ,0.000 ,,,1
266,9,23,2018 ,2018-9-23,69,52,0.090 ,0.000 ,0.000 ,,,0
267,9,24,2018 ,2018-9-24,55,51,0.450 ,0.000 ,0.000 ,,Fog,1
268,9,25,2018 ,2018-9-25,57,55,1.490 ,0.000 ,0.000 ,,,1
269,9,26,2018 ,2018-9-26,68,57,0.840 ,0.000 ,0.000 ,,,1
270,9,27,2018 ,2018-9-27,74,54,0.100 ,0.000 ,0.000 ,,,1
271,9,28,2018 ,2018-9-28,58,50,1.700 ,0.000 ,0.000 ,,,0
272,9,29,2018 ,2018-9-29,70,51,0.000 ,0.000 ,0.000 ,,,0
273,9,30,2018 ,2018-9-30,68,48,0.000 ,0.000 ,0.000 ,,,0
274,10,1,2018 ,2018-10-1,73,48,0.000 ,0.000 ,0.000 ,,,0
275,10,2,2018 ,2018-10-2,80,57,0.000 ,0.000 ,0.000 ,,,0
276,10,3,2018 ,2018-10-3,78,58,0.170 ,0.000 ,0.000 ,,,0
277,10,4,2018 ,2018-10-4,77,59,0.000 ,0.000 ,0.000 ,,,0
278,10,5,2018 ,2018-10-5,77,60,0.410 ,0.000 ,0.000 ,,,0
279,10,6,2018 ,2018-10-6,63,59,0.010 ,0.000 ,0.000 ,,,1
280,10,7,2018 ,2018-10-7,78,61,0.020 ,0.000 ,0.000 ,,,1
281,10,8,2018 ,2018-10-8,84,61,0.000 ,0.000 ,0.000 ,,,0
282,10,9,2018 ,2018-10-9,80,62,0.020 ,0.000 ,0.000 ,,,1
283,10,10,2018 ,2018-10-10,78,62,0.000 ,0.000 ,0.000 ,,,0
284,10,11,2018 ,2018-10-11,77,62,0.510 ,0.000 ,0.000 ,,,0
285,10,12,2018 ,2018-10-12,68,44,0.410 ,0.000 ,0.000 ,,,1
286,10,13,2018 ,2018-10-13,51,38,0.140 ,0.000 ,0.000 ,,,0
287,10,14,2018 ,2018-10-14,46,37,0.000 ,0.000 ,0.000 ,,,0
288,10,15,2018 ,2018-10-15,49,39,0.080 ,0.000 ,0.000 ,,,1
289,10,16,2018 ,2018-10-16,66,39,0.070 ,0.000 ,0.000 ,,,1
290,10,17,2018 ,2018-10-17,53,39,0.000 ,0.000 ,0.000 ,,,0
291,10,18,2018 ,2018-10-18,55,34,0.000 ,0.000 ,0.000 ,,,0
292,10,19,2018 ,2018-10-19,49,33,0.000 ,0.000 ,0.000 ,,,0
293,10,20,2018 ,2018-10-20,61,31,0.040 ,0.000 ,0.000 ,,,0
294,10,21,2018 ,2018-10-21,55,32,0.290 ,0.100 ,0.001 ,,First Snow,0
295,10,22,2018 ,2018-10-22,39,29,0.001 ,0.001 ,0.000 ,,,0
296,10,23,2018 ,2018-10-23,57,29,0.000 ,0.000 ,0.000 ,,,0
297,10,24,2018 ,2018-10-24,59,37,0.000 ,0.000 ,0.000 ,,,0
298,10,25,2018 ,2018-10-25,46,27,0.000 ,0.000 ,0.000 ,,,0
299,10,26,2018 ,2018-10-26,48,27,0.000 ,0.000 ,0.000 ,,,0
300,10,27,2018 ,2018-10-27,40,35,0.620 ,0.000 ,0.000 ,,,1
301,10,28,2018 ,2018-10-28,43,39,0.250 ,0.000 ,0.000 ,,,1
302,10,29,2018 ,2018-10-29,46,39,0.450 ,0.000 ,0.000 ,,,0
303,10,30,2018 ,2018-10-30,43,39,0.040 ,0.000 ,0.000 ,,,0
304,10,31,2018 ,2018-10-31,55,39,0.000 ,0.000 ,0.000 ,,,0
305,11,1,2018 ,2018-11-1,68,46,0.000 ,0.000 ,0.000 ,,,0
306,11,2,2018 ,2018-11-2,72,54,0.060 ,0.000 ,0.000 ,,,0
307,11,3,2018 ,2018-11-3,58,37,0.430 ,0.000 ,0.000 ,,,0
308,11,4,2018 ,2018-11-4,45,30,0.010 ,0.000 ,0.000 ,,Begin EST,0
309,11,5,2018 ,2018-11-5,52,32,0.350 ,0.000 ,0.000 ,,Light Fog,1
310,11,6,2018 ,2018-11-6,51,42,0.060 ,0.000 ,0.000 ,,,1
311,11,7,2018 ,2018-11-7,62,42,0.040 ,0.000 ,0.000 ,,,0
312,11,8,2018 ,2018-11-8,56,33,0.000 ,0.000 ,0.000 ,,,0
313,11,9,2018 ,2018-11-9,50,32,0.040 ,0.000 ,0.000 ,,,0
314,11,10,2018 ,2018-11-10,41,25,1.070 ,0.001 ,0.001 ,,,1
315,11,11,2018 ,2018-11-11,31,19,0.000 ,0.000 ,0.000 ,,,0
316,11,12,2018 ,2018-11-12,39,18,0.000 ,0.000 ,0.000 ,,,0
317,11,13,2018 ,2018-11-13,41,30,0.700 ,0.000 ,0.000 ,,,1
318,11,14,2018 ,2018-11-14,36,24,0.001 ,0.000 ,0.000 ,,,0
319,11,15,2018 ,2018-11-15,34,24,0.030 ,0.100 ,0.001 ,,,0
320,11,16,2018 ,2018-11-16,29,23,1.680 ,7.600 ,8.000 ,1.680 ,Very dense snow,0
321,11,17,2018 ,2018-11-17,42,26,0.000 ,0.000 ,8.000 ,,,0
322,11,18,2018 ,2018-11-18,36,25,0.000 ,0.000 ,6.000 ,,,0
323,11,19,2018 ,2018-11-19,42,30,0.000 ,0.000 ,5.000 ,,,0
324,11,20,2018 ,2018-11-20,51,33,0.090 ,0.000 ,3.000 ,,,0
325,11,21,2018 ,2018-11-21,52,28,0.020 ,0.001 ,2.000 ,,,0
326,11,22,2018 ,2018-11-22,34,20,0.000 ,0.000 ,2.000 ,,,0
327,11,23,2018 ,2018-11-23,23,18,0.000 ,0.000 ,2.000 ,,,0
328,11,24,2018 ,2018-11-24,32,19,0.000 ,0.000 ,2.000 ,,,0
329,11,25,2018 ,2018-11-25,42,26,0.450 ,0.000 ,2.000 ,,,1
330,11,26,2018 ,2018-11-26,51,39,0.070 ,0.000 ,0.001 ,,,0
331,11,27,2018 ,2018-11-27,44,25,0.150 ,0.200 ,0.001 ,,,0
332,11,28,2018 ,2018-11-28,28,19,0.010 ,0.300 ,1.000 ,,Windy,0
333,11,29,2018 ,2018-11-29,23,18,0.001 ,0.001 ,1.000 ,,,0
334,11,30,2018 ,2018-11-30,34,18,0.000 ,0.000 ,0.001 ,,,0
335,12,1,2018 ,2018-12-1,40,29,0.020 ,0.000 ,0.000 ,,,1
336,12,2,2018 ,2018-12-2,36,33,0.530 ,0.000 ,0.000 ,,,1
337,12,3,2018 ,2018-12-3,53,36,0.000 ,0.000 ,0.000 ,,,1
338,12,4,2018 ,2018-12-4,40,28,0.040 ,0.001 ,0.001 ,,,0
339,12,5,2018 ,2018-12-5,30,23,0.001 ,0.001 ,0.001 ,,,0
340,12,6,2018 ,2018-12-6,28,24,0.090 ,1.200 ,1.000 ,,Pretty Outside!,0
341,12,7,2018 ,2018-12-7,34,20,0.060 ,0.800 ,2.000 ,,,0
342,12,8,2018 ,2018-12-8,28,15,0.000 ,0.000 ,2.000 ,,,0
343,12,9,2018 ,2018-12-9,26,17,0.000 ,0.000 ,1.000 ,,,0
344,12,10,2018 ,2018-12-10,26,16,0.000 ,0.000 ,1.000 ,,,0
345,12,11,2018 ,2018-12-11,34,15,0.000 ,0.000 ,0.001 ,,,0
346,12,12,2018 ,2018-12-12,35,19,0.000 ,0.000 ,0.001 ,,,0
347,12,13,2018 ,2018-12-13,36,26,0.000 ,0.000 ,0.001 ,,,0
348,12,14,2018 ,2018-12-14,42,28,0.000 ,0.000 ,0.001 ,,,0
349,12,15,2018 ,2018-12-15,41,30,1.450 ,0.000 ,0.000 ,,,0
350,12,16,2018 ,2018-12-16,46,35,1.490 ,0.000 ,0.000 ,,Fog. Back from Ohio.,1
351,12,17,2018 ,2018-12-17,38,33,0.001 ,0.000 ,0.000 ,,,1
352,12,18,2018 ,2018-12-18,42,26,0.000 ,0.000 ,0.000 ,,,0
353,12,19,2018 ,2018-12-19,34,21,0.000 ,0.000 ,0.000 ,,,0
354,12,20,2018 ,2018-12-20,43,21,0.000 ,0.000 ,0.000 ,,,0
355,12,21,2018 ,2018-12-21,40,28,0.520 ,0.000 ,0.000 ,,Light Fog,1
356,12,22,2018 ,2018-12-22,49,32,0.240 ,0.001 ,0.001 ,,,1
357,12,23,2018 ,2018-12-23,33,29,0.001 ,0.001 ,0.001 ,,,0
358,12,24,2018 ,2018-12-24,38,28,0.170 ,1.300 ,1.000 ,,Headed for Ohio,0
359,12,25,2018 ,2018-12-25,31,20,0.000 ,0.000 ,1.000 ,,,0
360,12,26,2018 ,2018-12-26,33,18,0.000 ,0.000 ,0.001 ,,,0
361,12,27,2018 ,2018-12-27,41,25,0.000 ,0.000 ,0.001 ,,Back from Ohio,0
362,12,28,2018 ,2018-12-28,42,25,0.830 ,0.000 ,0.000 ,,,1
363,12,29,2018 ,2018-12-29,53,37,0.000 ,0.000 ,0.000 ,,,1
364,12,30,2018 ,2018-12-30,41,29,0.001 ,0.300 ,0.001 ,,,0
365,12,31,2018 ,2018-12-31,43,30,0.000 ,0.000 ,0.000 ,,,0
1,1,1,2019 ,2019-1-1,56,32,0.520 ,0.000 ,0.000 ,,,0
2,1,2,2019 ,2019-1-2,49,34,0.030 ,0.000 ,0.000 ,,,0
3,1,3,2019 ,2019-1-3,42,34,0.000 ,0.000 ,0.000 ,,,0
4,1,4,2019 ,2019-1-4,36,27,0.000 ,0.000 ,0.000 ,,,0
5,1,5,2019 ,2019-1-5,37,30,0.520 ,0.000 ,0.000 ,,,0
6,1,6,2019 ,2019-1-6,44,36,0.240 ,0.000 ,0.000 ,,,0
7,1,7,2019 ,2019-1-7,41,25,0.000 ,0.000 ,0.000 ,,,0
8,1,8,2019 ,2019-1-8,31,26,0.001 ,0.000 ,0.000 ,,,0
9,1,9,2019 ,2019-1-9,56,29,0.360 ,0.001 ,0.001 ,,,0
10,1,10,2019 ,2019-1-10,33,17,0.110 ,2.200 ,2.000 ,,Windy,0
11,1,11,2019 ,2019-1-11,21,16,0.020 ,1.200 ,3.000 ,,,0
12,1,12,2019 ,2019-1-12,22,15,0.001 ,0.001 ,1.000 ,,,0
13,1,13,2019 ,2019-1-13,27,20,0.360 ,4.400 ,6.000 ,,,0
14,1,14,2019 ,2019-1-14,26,19,0.060 ,0.400 ,5.000 ,,,0
15,1,15,2019 ,2019-1-15,33,21,0.000 ,0.000 ,4.000 ,,,0
16,1,16,2019 ,2019-1-16,33,22,0.000 ,0.000 ,4.000 ,,,0
17,1,17,2019 ,2019-1-17,29,24,0.001 ,0.001 ,4.000 ,,,0
18,1,18,2019 ,2019-1-18,29,24,0.090 ,1.200 ,5.000 ,0.600 ,,1
19,1,19,2019 ,2019-1-19,34,27,0.090 ,0.400 ,5.000 ,,,0
20,1,20,2019 ,2019-1-20,31,28,1.330 ,2.600 ,6.000 ,,"1/8"" Glaze",0
21,1,21,2019 ,2019-1-21,31,-2,0.020 ,0.600 ,6.000 ,,,0
22,1,22,2019 ,2019-1-22,7,-2,0.000 ,0.000 ,6.000 ,1.300 ,,0
23,1,23,2019 ,2019-1-23,25,-1,0.000 ,0.000 ,6.000 ,,,0
24,1,24,2019 ,2019-1-24,46,23,0.370 ,0.000 ,3.000 ,,,0
25,1,25,2019 ,2019-1-25,43,21,0.080 ,0.500 ,4.000 ,,,0
26,1,26,2019 ,2019-1-26,22,10,0.001 ,0.001 ,3.000 ,,,0
27,1,27,2019 ,2019-1-27,29,10,0.000 ,0.000 ,3.000 ,,,0
28,1,28,2019 ,2019-1-28,35,9,0.010 ,0.001 ,3.000 ,,,0
29,1,29,2019 ,2019-1-29,30,9,0.000 ,0.000 ,3.000 ,,,0
30,1,30,2019 ,2019-1-30,32,7,0.040 ,1.100 ,4.000 ,,,0
31,1,31,2019 ,2019-1-31,16,-9,0.010 ,0.200 ,4.000 ,,,0
32,2,1,2019 ,2019-2-1,10,-9,0.060 ,1.900 ,5.000 ,0.700 ,,0
33,2,2,2019 ,2019-2-2,27,7,0.250 ,4.200 ,9.000 ,,Punxsutawney Phil did not see his shadow. An early spring there will be.,0
34,2,3,2019 ,2019-2-3,42,24,0.000 ,0.000 ,6.000 ,,,0
35,2,4,2019 ,2019-2-4,54,34,0.000 ,0.000 ,4.000 ,,,0
36,2,5,2019 ,2019-2-5,57,37,0.001 ,0.000 ,2.000 ,,,0
37,2,6,2019 ,2019-2-6,55,41,0.001 ,0.000 ,0.001 ,,,1
38,2,7,2019 ,2019-2-7,49,44,0.630 ,0.000 ,0.000 ,,,1
39,2,8,2019 ,2019-2-8,53,43,0.660 ,0.000 ,0.000 ,,,1
40,2,9,2019 ,2019-2-9,43,13,0.000 ,0.000 ,0.000 ,,,0
41,2,10,2019 ,2019-2-10,25,12,0.000 ,0.000 ,0.000 ,,,0
42,2,11,2019 ,2019-2-11,28,13,0.270 ,1.900 ,2.000 ,,FSU Closed,0
43,2,12,2019 ,2019-2-12,29,25,0.880 ,0.800 ,3.000 ,,"1/4"" Glaze",1
44,2,13,2019 ,2019-2-13,34,25,0.570 ,1.100 ,4.000 ,,"0.6"" glaze. Tree damage: branches down on elm tree.",1
45,2,14,2019 ,2019-2-14,29,24,0.001 ,0.001 ,3.000 ,,,0
46,2,15,2019 ,2019-2-15,41,26,0.000 ,0.000 ,3.000 ,,,0
47,2,16,2019 ,2019-2-16,52,20,0.000 ,0.000 ,2.000 ,,,0
48,2,17,2019 ,2019-2-17,31,16,0.000 ,0.000 ,2.000 ,,,0
49,2,18,2019 ,2019-2-18,35,19,0.150 ,0.000 ,2.000 ,,"1/8"" of ice on snowboard.",0
50,2,19,2019 ,2019-2-19,32,14,0.001 ,0.001 ,2.000 ,,,0
51,2,20,2019 ,2019-2-20,31,14,0.210 ,2.500 ,5.000 ,,,0
52,2,21,2019 ,2019-2-21,42,21,0.950 ,3.700 ,7.000 ,,"Worst thunder I ever heard at 9:15 A.M. 6"" of snow on car before rain.",1
53,2,22,2019 ,2019-2-22,45,31,0.000 ,0.000 ,6.000 ,1.440 ,,0
54,2,23,2019 ,2019-2-23,42,30,0.000 ,0.000 ,6.000 ,,,0
55,2,24,2019 ,2019-2-24,32,29,0.630 ,0.000 ,6.000 ,,"1/8"" Glaze",1
56,2,25,2019 ,2019-2-25,53,23,0.001 ,0.000 ,4.000 ,,High winds,1
57,2,26,2019 ,2019-2-26,33,22,0.000 ,0.000 ,3.000 ,,,0
58,2,27,2019 ,2019-2-27,40,19,0.000 ,0.000 ,2.000 ,,,0
59,2,28,2019 ,2019-2-28,45,20,0.000 ,0.000 ,2.000 ,,,0
60,3,1,2019 ,2019-3-1,40,23,0.290 ,2.500 ,4.000 ,,,1
61,3,2,2019 ,2019-3-2,28,23,0.170 ,0.400 ,4.000 ,,,1
62,3,3,2019 ,2019-3-3,36,26,0.001 ,0.200 ,3.000 ,,,0
63,3,4,2019 ,2019-3-4,32,18,0.640 ,6.000 ,9.000 ,,,0
64,3,5,2019 ,2019-3-5,26,9,0.001 ,0.001 ,9.000 ,1.560 ,,0
65,3,6,2019 ,2019-3-6,25,7,0.020 ,0.700 ,9.000 ,,,0
66,3,7,2019 ,2019-3-7,19,8,0.001 ,0.001 ,9.000 ,,,0
67,3,8,2019 ,2019-3-8,30,17,0.001 ,0.001 ,9.000 ,,,0
68,3,9,2019 ,2019-3-9,30,19,0.050 ,0.700 ,10.000 ,,,1
69,3,10,2019 ,2019-3-10,37,26,0.830 ,0.000 ,7.000 ,,"1/8"" glaze. Start EDT",1
70,3,11,2019 ,2019-3-11,60,30,0.000 ,0.000 ,4.000 ,,,1
71,3,12,2019 ,2019-3-12,48,25,0.000 ,0.000 ,2.000 ,,,0
72,3,13,2019 ,2019-3-13,43,25,0.000 ,0.000 ,1.000 ,,,0
73,3,14,2019 ,2019-3-14,53,27,0.000 ,0.000 ,0.001 ,,,0
74,3,15,2019 ,2019-3-15,69,38,0.000 ,0.000 ,0.001 ,,,0
75,3,16,2019 ,2019-3-16,68,30,0.020 ,0.200 ,0.001 ,,,0
76,3,17,2019 ,2019-3-17,39,27,0.000 ,0.000 ,0.000 ,,,0
77,3,18,2019 ,2019-3-18,43,26,0.001 ,0.100 ,0.001 ,,,0
78,3,19,2019 ,2019-3-19,41,22,0.000 ,0.000 ,0.000 ,,,0
79,3,20,2019 ,2019-3-20,46,22,0.000 ,0.000 ,0.000 ,,,0
80,3,21,2019 ,2019-3-21,49,25,0.000 ,0.000 ,0.000 ,,,0
81,3,22,2019 ,2019-3-22,39,31,0.400 ,0.000 ,0.000 ,,,1
82,3,23,2019 ,2019-3-23,38,21,0.130 ,0.600 ,1.000 ,,Windy,0
83,3,24,2019 ,2019-3-24,45,21,0.000 ,0.000 ,0.000 ,,,0
84,3,25,2019 ,2019-3-25,57,33,0.040 ,0.000 ,0.000 ,,,0
85,3,26,2019 ,2019-3-26,43,26,0.440 ,0.000 ,0.000 ,,,1
86,3,27,2019 ,2019-3-27,44,24,0.000 ,0.000 ,0.000 ,,,0
87,3,28,2019 ,2019-3-28,52,24,0.000 ,0.000 ,0.000 ,,,0
88,3,29,2019 ,2019-3-29,66,28,0.001 ,0.000 ,0.000 ,,,0
89,3,30,2019 ,2019-3-30,63,48,0.000 ,0.000 ,0.000 ,,,0
90,3,31,2019 ,2019-3-31,72,35,0.020 ,0.000 ,0.000 ,,,0
91,4,1,2019 ,2019-4-1,40,21,0.001 ,0.001 ,0.000 ,,,0
92,4,2,2019 ,2019-4-2,41,22,0.000 ,0.000 ,0.000 ,,,0
93,4,3,2019 ,2019-4-3,50,26,0.000 ,0.000 ,0.000 ,,,0
94,4,4,2019 ,2019-4-4,58,34,0.000 ,0.000 ,0.000 ,,,0
95,4,5,2019 ,2019-4-5,56,36,0.270 ,0.000 ,0.000 ,,,1
96,4,6,2019 ,2019-4-6,39,37,0.310 ,0.000 ,0.000 ,,,1
97,4,7,2019 ,2019-4-7,62,38,0.000 ,0.000 ,0.000 ,,,0
98,4,8,2019 ,2019-4-8,72,44,0.480 ,0.000 ,0.000 ,,,0
99,4,9,2019 ,2019-4-9,70,51,0.030 ,0.000 ,0.000 ,,,0
100,4,10,2019 ,2019-4-10,68,36,0.000 ,0.000 ,0.000 ,,,0
101,4,11,2019 ,2019-4-11,60,36,0.000 ,0.000 ,0.000 ,,,0
102,4,12,2019 ,2019-4-12,58,39,0.000 ,0.000 ,0.000 ,,,0
103,4,13,2019 ,2019-4-13,69,42,0.550 ,0.000 ,0.000 ,,,0
104,4,14,2019 ,2019-4-14,74,51,0.000 ,0.000 ,0.000 ,,,0
105,4,15,2019 ,2019-4-15,66,36,0.750 ,0.000 ,0.000 ,,Windy,1
106,4,16,2019 ,2019-4-16,47,33,0.000 ,0.000 ,0.000 ,,,0
107,4,17,2019 ,2019-4-17,67,35,0.000 ,0.000 ,0.000 ,,,0
108,4,18,2019 ,2019-4-18,74,43,0.000 ,0.000 ,0.000 ,,,0
109,4,19,2019 ,2019-4-19,76,43,0.000 ,0.000 ,0.000 ,,,0
110,4,20,2019 ,2019-4-20,67,57,1.430 ,0.000 ,0.000 ,,,1
111,4,21,2019 ,2019-4-21,69,43,0.000 ,0.000 ,0.000 ,,Happy Easter!,0
112,4,22,2019 ,2019-4-22,56,42,0.000 ,0.000 ,0.000 ,,,0
113,4,23,2019 ,2019-4-23,66,43,0.000 ,0.000 ,0.000 ,,,0
114,4,24,2019 ,2019-4-24,82,46,0.020 ,0.000 ,0.000 ,,,0
115,4,25,2019 ,2019-4-25,67,47,0.000 ,0.000 ,0.000 ,,,0
116,4,26,2019 ,2019-4-26,58,50,0.310 ,0.000 ,0.000 ,,,1
117,4,27,2019 ,2019-4-27,58,39,0.520 ,0.000 ,0.000 ,,,1
118,4,28,2019 ,2019-4-28,59,40,0.200 ,0.000 ,0.000 ,,,0
119,4,29,2019 ,2019-4-29,50,33,0.020 ,0.000 ,0.000 ,,,0
120,4,30,2019 ,2019-4-30,61,37,0.000 ,0.000 ,0.000 ,,,0
121,5,1,2019 ,2019-5-1,76,55,0.001 ,0.000 ,0.000 ,,Foggy,1
122,5,2,2019 ,2019-5-2,65,53,0.000 ,0.000 ,0.000 ,,,1
123,5,3,2019 ,2019-5-3,80,55,0.010 ,0.000 ,0.000 ,,,0
124,5,4,2019 ,2019-5-4,78,57,1.100 ,0.000 ,0.000 ,,,1
125,5,5,2019 ,2019-5-5,67,55,0.790 ,0.000 ,0.000 ,,,1
126,5,6,2019 ,2019-5-6,60,48,0.510 ,0.000 ,0.000 ,,,1
127,5,7,2019 ,2019-5-7,72,47,0.000 ,0.000 ,0.000 ,,,0
128,5,8,2019 ,2019-5-8,76,48,0.000 ,0.000 ,0.000 ,,,0
129,5,9,2019 ,2019-5-9,71,53,0.020 ,0.000 ,0.000 ,,,1
130,5,10,2019 ,2019-5-10,71,53,0.040 ,0.000 ,0.000 ,,,1
131,5,11,2019 ,2019-5-11,74,48,0.210 ,0.000 ,0.000 ,,,0
132,5,12,2019 ,2019-5-12,58,47,0.970 ,0.000 ,0.000 ,,,1
133,5,13,2019 ,2019-5-13,49,43,1.180 ,0.000 ,0.000 ,,,1
134,5,14,2019 ,2019-5-14,56,39,0.390 ,0.000 ,0.000 ,,,1
135,5,15,2019 ,2019-5-15,49,39,0.010 ,0.000 ,0.000 ,,,0
136,5,16,2019 ,2019-5-16,64,45,0.020 ,0.000 ,0.000 ,,,0
137,5,17,2019 ,2019-5-17,71,50,0.000 ,0.000 ,0.000 ,,,0
138,5,18,2019 ,2019-5-18,79,57,0.300 ,0.000 ,0.000 ,,,0
139,5,19,2019 ,2019-5-19,79,55,0.000 ,0.000 ,0.000 ,,,0
140,5,20,2019 ,2019-5-20,85,58,0.260 ,0.000 ,0.000 ,,,0
141,5,21,2019 ,2019-5-21,75,45,0.000 ,0.000 ,0.000 ,,,0
142,5,22,2019 ,2019-5-22,64,45,0.000 ,0.000 ,0.000 ,,,0
143,5,23,2019 ,2019-5-23,69,45,0.000 ,0.000 ,0.000 ,,,0
144,5,24,2019 ,2019-5-24,77,56,0.130 ,0.000 ,0.000 ,,,0
145,5,25,2019 ,2019-5-25,75,56,0.000 ,0.000 ,0.000 ,,,0
146,5,26,2019 ,2019-5-26,77,60,0.160 ,0.000 ,0.000 ,,,0
147,5,27,2019 ,2019-5-27,80,60,0.280 ,0.000 ,0.000 ,,,0
148,5,28,2019 ,2019-5-28,80,58,0.160 ,0.000 ,0.000 ,,,0
149,5,29,2019 ,2019-5-29,81,62,0.130 ,0.000 ,0.000 ,,,0
150,5,30,2019 ,2019-5-30,80,64,0.020 ,0.000 ,0.000 ,,,0
151,5,31,2019 ,2019-5-31,72,59,0.150 ,0.000 ,0.000 ,,,0
152,6,1,2019 ,2019-6-1,74,54,0.000 ,0.000 ,0.000 ,,,0
153,6,2,2019 ,2019-6-2,79,53,0.000 ,0.000 ,0.000 ,,,0
154,6,3,2019 ,2019-6-3,73,45,0.200 ,0.000 ,0.000 ,,,0
155,6,4,2019 ,2019-6-4,62,40,0.000 ,0.000 ,0.000 ,,,0
156,6,5,2019 ,2019-6-5,75,42,0.000 ,0.000 ,0.000 ,,,0
157,6,6,2019 ,2019-6-6,70,60,0.450 ,0.000 ,0.000 ,,,0
158,6,7,2019 ,2019-6-7,76,58,0.000 ,0.000 ,0.000 ,,,0
159,6,8,2019 ,2019-6-8,68,60,0.000 ,0.000 ,0.000 ,,,0
160,6,9,2019 ,2019-6-9,76,57,0.000 ,0.000 ,0.000 ,,,0
161,6,10,2019 ,2019-6-10,67,55,0.830 ,0.000 ,0.000 ,,Foggy,1
162,6,11,2019 ,2019-6-11,71,50,0.250 ,0.000 ,0.000 ,,,1
163,6,12,2019 ,2019-6-12,69,46,0.000 ,0.000 ,0.000 ,,,0
164,6,13,2019 ,2019-6-13,71,47,0.030 ,0.000 ,0.000 ,,,0
165,6,14,2019 ,2019-6-14,67,48,0.420 ,0.000 ,0.000 ,,,0
166,6,15,2019 ,2019-6-15,67,48,0.030 ,0.000 ,0.000 ,,,0
167,6,16,2019 ,2019-6-16,76,48,0.000 ,0.000 ,0.000 ,,,0
168,6,17,2019 ,2019-6-17,76,62,0.850 ,0.000 ,0.000 ,,,0
169,6,18,2019 ,2019-6-18,75,62,0.020 ,0.000 ,0.000 ,,,0
170,6,19,2019 ,2019-6-19,71,63,0.090 ,0.000 ,0.000 ,,,0
171,6,20,2019 ,2019-6-20,79,63,0.020 ,0.000 ,0.000 ,,,1
172,6,21,2019 ,2019-6-21,71,58,0.320 ,0.000 ,0.000 ,,,0
173,6,22,2019 ,2019-6-22,73,50,0.010 ,0.000 ,0.000 ,,,0
174,6,23,2019 ,2019-6-23,72,50,0.000 ,0.000 ,0.000 ,,Beautiful morning!,0
175,6,24,2019 ,2019-6-24,80,50,0.000 ,0.000 ,0.000 ,,,0
176,6,25,2019 ,2019-6-25,77,62,1.040 ,0.000 ,0.000 ,,,0
177,6,26,2019 ,2019-6-26,77,62,0.000 ,0.000 ,0.000 ,,,0
178,6,27,2019 ,2019-6-27,81,63,0.000 ,0.000 ,0.000 ,,,0
179,6,28,2019 ,2019-6-28,84,63,0.070 ,0.000 ,0.000 ,,,0
180,6,29,2019 ,2019-6-29,83,65,0.000 ,0.000 ,0.000 ,,,0
181,6,30,2019 ,2019-6-30,83,63,0.540 ,0.000 ,0.000 ,,,0
182,7,1,2019 ,2019-7-1,78,53,0.000 ,0.000 ,0.000 ,,,0
183,7,2,2019 ,2019-7-2,80,54,0.000 ,0.000 ,0.000 ,,,0
184,7,3,2019 ,2019-7-3,84,64,0.140 ,0.000 ,0.000 ,,,0
185,7,4,2019 ,2019-7-4,81,65,0.040 ,0.000 ,0.000 ,,,0
186,7,5,2019 ,2019-7-5,87,65,1.020 ,0.000 ,0.000 ,,Torrential rain around 2-4 P.M.,1
187,7,6,2019 ,2019-7-6,82,66,0.030 ,0.000 ,0.000 ,,,1
188,7,7,2019 ,2019-7-7,84,66,0.200 ,0.000 ,0.000 ,,,0
189,7,8,2019 ,2019-7-8,81,67,0.150 ,0.000 ,0.000 ,,Foggy,1
190,7,9,2019 ,2019-7-9,69,59,0.050 ,0.000 ,0.000 ,,,1
191,7,10,2019 ,2019-7-10,80,61,0.000 ,0.000 ,0.000 ,,,0
192,7,11,2019 ,2019-7-11,83,65,0.310 ,0.000 ,0.000 ,,,0
193,7,12,2019 ,2019-7-12,76,63,0.860 ,0.000 ,0.000 ,,,0
194,7,13,2019 ,2019-7-13,78,58,0.000 ,0.000 ,0.000 ,,,0
195,7,14,2019 ,2019-7-14,83,58,0.000 ,0.000 ,0.000 ,,,0
196,7,15,2019 ,2019-7-15,82,59,0.000 ,0.000 ,0.000 ,,,0
197,7,16,2019 ,2019-7-16,83,61,0.000 ,0.000 ,0.000 ,,,0
198,7,17,2019 ,2019-7-17,84,67,0.000 ,0.000 ,0.000 ,,,0
199,7,18,2019 ,2019-7-18,84,68,0.110 ,0.000 ,0.000 ,,,0
200,7,19,2019 ,2019-7-19,83,67,0.001 ,0.000 ,0.000 ,,,0
201,7,20,2019 ,2019-7-20,88,71,0.000 ,0.000 ,0.000 ,,,0
202,7,21,2019 ,2019-7-21,90,71,0.001 ,0.000 ,0.000 ,,,0
203,7,22,2019 ,2019-7-22,89,67,0.170 ,0.000 ,0.000 ,,,0
204,7,23,2019 ,2019-7-23,75,59,0.390 ,0.000 ,0.000 ,,,0
205,7,24,2019 ,2019-7-24,75,55,0.080 ,0.000 ,0.000 ,,,0
206,7,25,2019 ,2019-7-25,75,53,0.000 ,0.000 ,0.000 ,,,0
207,7,26,2019 ,2019-7-26,76,56,0.000 ,0.000 ,0.000 ,,,0
208,7,27,2019 ,2019-7-27,80,58,0.050 ,0.000 ,0.000 ,,,0
209,7,28,2019 ,2019-7-28,83,59,0.000 ,0.000 ,0.000 ,,Headed for Michigan,0
210,7,29,2019 ,2019-7-29,82,61,0.000 ,0.000 ,0.000 ,,Maria Connor Observer,0
211,7,30,2019 ,2019-7-30,85,63,0.000 ,0.000 ,0.000 ,,Maria Connor Observer,0
212,7,31,2019 ,2019-7-31,83,63,0.000 ,0.000 ,0.000 ,,Maria Connor Observer,0
213,8,1,2019 ,2019-8-1,73,59,0.000 ,0.000 ,0.000 ,,Rain that occurred on 07-31-2019 was not recorded.,0
214,8,2,2019 ,2019-8-2,81,62,0.000 ,0.000 ,0.000 ,,"Perry Connor Observer. Mostly cloudy entered on WXCODER, but actually light rain 61 at 7 A.M.",0
215,8,3,2019 ,2019-8-3,80,60,0.940 ,0.000 ,0.000 ,,"Back from Michigan. 0.94 rain is for rain that occurred on Wednesday, 07-31-2019 and Friday 08-02-2019",1
216,8,4,2019 ,2019-8-4,81,60,0.001 ,0.000 ,0.000 ,,,1
217,8,5,2019 ,2019-8-5,80,60,0.000 ,0.000 ,0.000 ,,,0
218,8,6,2019 ,2019-8-6,79,60,0.000 ,0.000 ,0.000 ,,,0
219,8,7,2019 ,2019-8-7,85,62,0.130 ,0.000 ,0.000 ,,,0
220,8,8,2019 ,2019-8-8,76,61,0.000 ,0.000 ,0.000 ,,,0
221,8,9,2019 ,2019-8-9,79,63,0.020 ,0.000 ,0.000 ,,,0
222,8,10,2019 ,2019-8-10,78,54,0.000 ,0.000 ,0.000 ,,,0
223,8,11,2019 ,2019-8-11,74,52,0.000 ,0.000 ,0.000 ,,,0
224,8,12,2019 ,2019-8-12,78,53,0.000 ,0.000 ,0.000 ,,,0
225,8,13,2019 ,2019-8-13,86,56,0.000 ,0.000 ,0.000 ,,,0
226,8,14,2019 ,2019-8-14,77,67,0.170 ,0.000 ,0.000 ,,,0
227,8,15,2019 ,2019-8-15,81,61,0.000 ,0.000 ,0.000 ,,Headed for Connecticut,0
228,8,16,2019 ,2019-8-16,83,61,0.000 ,0.000 ,0.000 ,,"Maria Connor, Observer",0
229,8,17,2019 ,2019-8-17,81,61,0.000 ,0.000 ,0.000 ,,"Maria Connor, Observer",0
230,8,18,2019 ,2019-8-18,86,64,0.000 ,0.000 ,0.000 ,,"Maria Connor, Observer",0
231,8,19,2019 ,2019-8-19,89,63,0.000 ,0.000 ,0.000 ,,"Maria Connor, Observer",0
232,8,20,2019 ,2019-8-20,85,65,0.000 ,0.000 ,0.000 ,,"Maria Connor, Observer",0
233,8,21,2019 ,2019-8-21,86,65,2.010 ,0.000 ,0.000 ,,Back from Connecticut,0
234,8,22,2019 ,2019-8-22,81,63,0.020 ,0.000 ,0.000 ,,,0
235,8,23,2019 ,2019-8-23,83,56,0.570 ,0.000 ,0.000 ,,,0
236,8,24,2019 ,2019-8-24,66,52,0.240 ,0.000 ,0.000 ,,,0
237,8,25,2019 ,2019-8-25,69,49,0.000 ,0.000 ,0.000 ,,,0
238,8,26,2019 ,2019-8-26,72,49,0.000 ,0.000 ,0.000 ,,,0
239,8,27,2019 ,2019-8-27,69,49,0.200 ,0.000 ,0.000 ,,,0
240,8,28,2019 ,2019-8-28,67,56,0.260 ,0.000 ,0.000 ,,,1
241,8,29,2019 ,2019-8-29,75,53,0.050 ,0.000 ,0.000 ,,,0
242,8,30,2019 ,2019-8-30,74,54,0.000 ,0.000 ,0.000 ,,,0
243,8,31,2019 ,2019-8-31,79,62,0.000 ,0.000 ,0.000 ,,,0
244,9,1,2019 ,2019-9-1,78,58,0.000 ,0.000 ,0.000 ,,,0
245,9,2,2019 ,2019-9-2,68,58,0.360 ,0.000 ,0.000 ,,,0
246,9,3,2019 ,2019-9-3,77,57,0.010 ,0.000 ,0.000 ,,Very light fog,1
247,9,4,2019 ,2019-9-4,82,57,0.000 ,0.000 ,0.000 ,,,1
248,9,5,2019 ,2019-9-5,82,54,0.000 ,0.000 ,0.000 ,,,0
249,9,6,2019 ,2019-9-6,72,54,0.000 ,0.000 ,0.000 ,,,0
250,9,7,2019 ,2019-9-7,76,57,0.000 ,0.000 ,0.000 ,,,0
251,9,8,2019 ,2019-9-8,72,52,0.000 ,0.000 ,0.000 ,,,0
252,9,9,2019 ,2019-9-9,76,54,0.020 ,0.000 ,0.000 ,,,0
253,9,10,2019 ,2019-9-10,74,56,0.000 ,0.000 ,0.000 ,,,0
254,9,11,2019 ,2019-9-11,84,56,0.000 ,0.000 ,0.000 ,,,0
255,9,12,2019 ,2019-9-12,87,69,0.000 ,0.000 ,0.000 ,,,0
256,9,13,2019 ,2019-9-13,84,63,0.030 ,0.000 ,0.000 ,,Foggy,1
257,9,14,2019 ,2019-9-14,63,59,0.160 ,0.000 ,0.000 ,,,1
258,9,15,2019 ,2019-9-15,77,51,0.480 ,0.000 ,0.000 ,,,1
259,9,16,2019 ,2019-9-16,80,51,0.000 ,0.000 ,0.000 ,,,0
260,9,17,2019 ,2019-9-17,82,59,0.000 ,0.000 ,0.000 ,,,0
261,9,18,2019 ,2019-9-18,74,50,0.000 ,0.000 ,0.000 ,,,0
262,9,19,2019 ,2019-9-19,73,46,0.000 ,0.000 ,0.000 ,,,0
263,9,20,2019 ,2019-9-20,72,46,0.000 ,0.000 ,0.000 ,,,0
264,9,21,2019 ,2019-9-21,78,45,0.000 ,0.000 ,0.000 ,,,0
265,9,22,2019 ,2019-9-22,82,56,0.000 ,0.000 ,0.000 ,,,0
266,9,23,2019 ,2019-9-23,85,61,0.000 ,0.000 ,0.000 ,,,0
267,9,24,2019 ,2019-9-24,75,54,0.050 ,0.000 ,0.000 ,,,0
268,9,25,2019 ,2019-9-25,68,47,0.000 ,0.000 ,0.000 ,,,0
269,9,26,2019 ,2019-9-26,78,47,0.000 ,0.000 ,0.000 ,,,0
270,9,27,2019 ,2019-9-27,73,47,0.030 ,0.000 ,0.000 ,,,0
271,9,28,2019 ,2019-9-28,78,48,0.000 ,0.000 ,0.000 ,,,0
272,9,29,2019 ,2019-9-29,86,59,0.001 ,0.000 ,0.000 ,,,0
273,9,30,2019 ,2019-9-30,82,60,0.020 ,0.000 ,0.000 ,,,0
274,10,1,2019 ,2019-10-1,66,59,0.520 ,0.000 ,0.000 ,,,1
275,10,2,2019 ,2019-10-2,85,59,0.000 ,0.000 ,0.000 ,,,1
276,10,3,2019 ,2019-10-3,83,63,0.000 ,0.000 ,0.000 ,,,0
277,10,4,2019 ,2019-10-4,87,57,0.000 ,0.000 ,0.000 ,,,0
278,10,5,2019 ,2019-10-5,65,37,0.000 ,0.000 ,0.000 ,,,0
279,10,6,2019 ,2019-10-6,59,37,0.000 ,0.000 ,0.000 ,,,0
280,10,7,2019 ,2019-10-7,63,51,0.150 ,0.000 ,0.000 ,,,0
281,10,8,2019 ,2019-10-8,62,46,0.480 ,0.000 ,0.000 ,,,0
282,10,9,2019 ,2019-10-9,58,45,0.000 ,0.000 ,0.000 ,,,0
283,10,10,2019 ,2019-10-10,66,40,0.000 ,0.000 ,0.000 ,,,0
284,10,11,2019 ,2019-10-11,69,40,0.000 ,0.000 ,0.000 ,,,0
285,10,12,2019 ,2019-10-12,68,45,0.000 ,0.000 ,0.000 ,,,0
286,10,13,2019 ,2019-10-13,68,33,0.001 ,0.000 ,0.000 ,,,0
287,10,14,2019 ,2019-10-14,68,32,0.000 ,0.000 ,0.000 ,,,0
288,10,15,2019 ,2019-10-15,66,41,0.000 ,0.000 ,0.000 ,,,0
289,10,16,2019 ,2019-10-16,67,40,0.000 ,0.000 ,0.000 ,,,0
290,10,17,2019 ,2019-10-17,50,38,0.490 ,0.000 ,0.000 ,,Windy,0
291,10,18,2019 ,2019-10-18,47,37,0.020 ,0.000 ,0.000 ,,,0
292,10,19,2019 ,2019-10-19,51,32,0.000 ,0.000 ,0.000 ,,,0
293,10,20,2019 ,2019-10-20,59,33,0.120 ,0.000 ,0.000 ,,,0
294,10,21,2019 ,2019-10-21,52,44,0.100 ,0.000 ,0.000 ,,,1
295,10,22,2019 ,2019-10-22,63,44,0.000 ,0.000 ,0.000 ,,,1
296,10,23,2019 ,2019-10-23,54,41,0.970 ,0.000 ,0.000 ,,,1
297,10,24,2019 ,2019-10-24,56,37,0.000 ,0.000 ,0.000 ,,,0
298,10,25,2019 ,2019-10-25,67,38,0.000 ,0.000 ,0.000 ,,,0
299,10,26,2019 ,2019-10-26,65,41,0.000 ,0.000 ,0.000 ,,,0
300,10,27,2019 ,2019-10-27,54,48,1.180 ,0.000 ,0.000 ,,Light Fog,1
301,10,28,2019 ,2019-10-28,64,44,0.070 ,0.000 ,0.000 ,,,1
302,10,29,2019 ,2019-10-29,66,42,0.000 ,0.000 ,0.000 ,,,0
303,10,30,2019 ,2019-10-30,66,44,0.040 ,0.000 ,0.000 ,,,1
304,10,31,2019 ,2019-10-31,66,44,0.540 ,0.000 ,0.000 ,,,1
305,11,1,2019 ,2019-11-1,68,32,0.580 ,0.000 ,0.000 ,,Windy,1
306,11,2,2019 ,2019-11-2,41,26,0.000 ,0.000 ,0.000 ,,,0
307,11,3,2019 ,2019-11-3,49,25,0.000 ,0.000 ,0.000 ,,,0
308,11,4,2019 ,2019-11-4,45,28,0.000 ,0.000 ,0.000 ,,,0
309,11,5,2019 ,2019-11-5,56,30,0.000 ,0.000 ,0.000 ,,,0
310,11,6,2019 ,2019-11-6,56,33,0.000 ,0.000 ,0.000 ,,,0
311,11,7,2019 ,2019-11-7,54,33,0.000 ,0.000 ,0.000 ,,,0
312,11,8,2019 ,2019-11-8,52,23,0.110 ,0.001 ,0.001 ,,,0
313,11,9,2019 ,2019-11-9,27,17,0.000 ,0.000 ,0.000 ,,,0
314,11,10,2019 ,2019-11-10,39,18,0.000 ,0.000 ,0.000 ,,,0
315,11,11,2019 ,2019-11-11,55,38,0.000 ,0.000 ,0.000 ,,,0
316,11,12,2019 ,2019-11-12,62,28,0.010 ,0.001 ,0.001 ,,,0
317,11,13,2019 ,2019-11-13,30,12,0.070 ,2.000 ,2.000 ,,snow settled some,0
318,11,14,2019 ,2019-11-14,27,12,0.000 ,0.000 ,2.000 ,,,0
319,11,15,2019 ,2019-11-15,40,16,0.000 ,0.000 ,0.001 ,,,0
320,11,16,2019 ,2019-11-16,47,25,0.000 ,0.000 ,0.000 ,,,0
321,11,17,2019 ,2019-11-17,37,24,0.000 ,0.000 ,0.000 ,,,0
322,11,18,2019 ,2019-11-18,38,25,0.000 ,0.000 ,0.000 ,,,0
323,11,19,2019 ,2019-11-19,43,29,0.000 ,0.000 ,0.000 ,,,0
324,11,20,2019 ,2019-11-20,45,32,0.020 ,0.000 ,0.000 ,,,0
325,11,21,2019 ,2019-11-21,39,28,0.001 ,0.000 ,0.000 ,,,0
326,11,22,2019 ,2019-11-22,53,29,0.000 ,0.000 ,0.000 ,,,0
327,11,23,2019 ,2019-11-23,50,26,0.000 ,0.000 ,0.000 ,,,0
328,11,24,2019 ,2019-11-24,42,26,0.300 ,0.001 ,0.001 ,,Windy,0
329,11,25,2019 ,2019-11-25,37,30,0.000 ,0.000 ,0.000 ,,,0
330,11,26,2019 ,2019-11-26,52,36,0.000 ,0.000 ,0.000 ,,,0
331,11,27,2019 ,2019-11-27,60,37,0.020 ,0.000 ,0.000 ,,Headed for Ohio,0
332,11,28,2019 ,2019-11-28,63,31,0.001 ,0.000 ,0.000 ,,"Very windy. Maria Connor, Observer",0
333,11,29,2019 ,2019-11-29,33,30,0.000 ,0.000 ,0.000 ,,"Maria Connor, Observer",0
334,11,30,2019 ,2019-11-30,41,30,0.000 ,0.000 ,0.000 ,,Back from Ohio,0
335,12,1,2019 ,2019-12-1,37,30,0.100 ,0.000 ,0.000 ,,Heavy fog. Light glaze.,1
336,12,2,2019 ,2019-12-2,35,31,0.530 ,0.001 ,0.001 ,,Big pile-up on 68 in Finzel yesterday.,1
337,12,3,2019 ,2019-12-3,34,29,0.010 ,0.100 ,0.001 ,,,0
338,12,4,2019 ,2019-12-4,31,28,0.000 ,0.000 ,0.001 ,,,0
339,12,5,2019 ,2019-12-5,35,27,0.060 ,0.900 ,1.000 ,,Windy,0
340,12,6,2019 ,2019-12-6,37,27,0.000 ,0.000 ,0.001 ,,,0
341,12,7,2019 ,2019-12-7,51,23,0.000 ,0.000 ,0.000 ,,,0
342,12,8,2019 ,2019-12-8,35,20,0.000 ,0.000 ,0.000 ,,,0
343,12,9,2019 ,2019-12-9,40,21,0.090 ,0.000 ,0.000 ,,,0
344,12,10,2019 ,2019-12-10,54,31,0.740 ,0.000 ,0.000 ,,,1
345,12,11,2019 ,2019-12-11,51,21,0.040 ,0.000 ,0.000 ,,,0
346,12,12,2019 ,2019-12-12,27,15,0.001 ,0.001 ,0.000 ,,,0
347,12,13,2019 ,2019-12-13,32,15,0.000 ,0.000 ,0.000 ,,,0
348,12,14,2019 ,2019-12-14,34,23,0.430 ,0.000 ,0.000 ,,Headed for Ohio,1
349,12,15,2019 ,2019-12-15,42,32,0.620 ,0.001 ,0.000 ,,Maria Connor Observer,0
350,12,16,2019 ,2019-12-16,34,25,0.280 ,2.300 ,2.000 ,,Back from Ohio,0
351,12,17,2019 ,2019-12-17,34,25,1.240 ,0.300 ,2.000 ,,"11/16"" diameter ice on trees. 0.3"" glaze on snowboard. Branches down. Worst ice storm I have seen. Gutter damaged.",1
352,12,18,2019 ,2019-12-18,33,18,0.060 ,0.400 ,2.000 ,,,1
353,12,19,2019 ,2019-12-19,22,8,0.010 ,0.500 ,3.000 ,,,0
354,12,20,2019 ,2019-12-20,26,9,0.000 ,0.000 ,3.000 ,,,0
355,12,21,2019 ,2019-12-21,31,19,0.000 ,0.000 ,2.000 ,,,0
356,12,22,2019 ,2019-12-22,35,19,0.000 ,0.000 ,2.000 ,,,0
357,12,23,2019 ,2019-12-23,47,28,0.000 ,0.000 ,1.000 ,,,0
358,12,24,2019 ,2019-12-24,57,33,0.000 ,0.000 ,0.001 ,,Headed for Ohio,0
359,12,25,2019 ,2019-12-25,48,27,0.000 ,0.000 ,0.000 ,,Maria Connor - Observer,0
360,12,26,2019 ,2019-12-26,47,30,0.000 ,0.000 ,0.000 ,,Maria Connor - Observer,0
361,12,27,2019 ,2019-12-27,59,37,0.000 ,0.000 ,0.000 ,,Back from Ohio,0
362,12,28,2019 ,2019-12-28,56,37,0.000 ,0.000 ,0.000 ,,,0
363,12,29,2019 ,2019-12-29,56,41,0.001 ,0.000 ,0.000 ,,,0
364,12,30,2019 ,2019-12-30,44,41,0.310 ,0.000 ,0.000 ,,Heavy Fog,1
365,12,31,2019 ,2019-12-31,54,34,0.001 ,0.000 ,0.000 ,,,1
,,,,2019-12-31,,,,,,,,
,,,,,,,,,,,,
